#! /usr/bin/vvp
:ivl_version "12.0 (stable)";
:ivl_delay_selection "TYPICAL";
:vpi_time_precision - 11;
:vpi_module "/usr/lib/x86_64-linux-gnu/ivl/system.vpi";
:vpi_module "/usr/lib/x86_64-linux-gnu/ivl/vhdl_sys.vpi";
:vpi_module "/usr/lib/x86_64-linux-gnu/ivl/vhdl_textio.vpi";
:vpi_module "/usr/lib/x86_64-linux-gnu/ivl/v2005_math.vpi";
:vpi_module "/usr/lib/x86_64-linux-gnu/ivl/va_math.vpi";
S_0x5ebde79e5580 .scope module, "knapsack_full_tb" "knapsack_full_tb" 2 3;
 .timescale -9 -11;
L_0x5ebde7a63cb0 .functor BUFZ 16, v0x5ebde7a46c10_0, C4<0000000000000000>, C4<0000000000000000>, C4<0000000000000000>;
L_0x5ebde7a63db0 .functor BUFZ 16, v0x5ebde7a47490_0, C4<0000000000000000>, C4<0000000000000000>, C4<0000000000000000>;
v0x5ebde7a4c660_0 .net "HEX0", 6 0, v0x5ebde7a41650_0;  1 drivers
v0x5ebde7a4c740_0 .net "HEX1", 6 0, v0x5ebde7a41b30_0;  1 drivers
v0x5ebde7a4c850_0 .net "HEX2", 6 0, v0x5ebde7a42060_0;  1 drivers
v0x5ebde7a4c940_0 .net "HEX3", 6 0, v0x5ebde7a42540_0;  1 drivers
v0x5ebde7a4ca50_0 .var "KEY", 3 0;
v0x5ebde7a4cb60_0 .net "LEDG", 7 0, L_0x5ebde7a630f0;  1 drivers
v0x5ebde7a4cc00_0 .net "LEDR", 9 0, L_0x5ebde7a62fa0;  1 drivers
v0x5ebde7a4cca0_0 .var "SW", 9 0;
v0x5ebde7a4cd40_0 .var "clk", 0 0;
v0x5ebde7a4cde0_0 .net "hex01", 15 0, L_0x5ebde7a63cb0;  1 drivers
v0x5ebde7a4cea0_0 .net "hex23", 15 0, L_0x5ebde7a63db0;  1 drivers
S_0x5ebde79d8be0 .scope task, "pulsar_y_esperar" "pulsar_y_esperar" 2 24, 2 24 0, S_0x5ebde79e5580;
 .timescale -9 -11;
v0x5ebde7a1fee0_0 .var "esperado", 15 0;
v0x5ebde7a13ce0_0 .var/i "i", 31 0;
v0x5ebde7a10820_0 .var "sw_val", 3 0;
E_0x5ebde795bc80 .event posedge, v0x5ebde7a31f80_0;
TD_knapsack_full_tb.pulsar_y_esperar ;
    %pushi/vec4 0, 0, 6;
    %load/vec4 v0x5ebde7a10820_0;
    %concat/vec4; draw_concat_vec4
    %store/vec4 v0x5ebde7a4cca0_0, 0, 10;
    %pushi/vec4 0, 0, 32;
    %store/vec4 v0x5ebde7a13ce0_0, 0, 32;
T_0.0 ;
    %load/vec4 v0x5ebde7a4cb60_0;
    %cmpi/ne 170, 0, 8;
    %flag_get/vec4 6;
    %jmp/0 T_0.2, 6;
    %load/vec4 v0x5ebde7a13ce0_0;
    %cmpi/s 10000, 0, 32;
    %flag_get/vec4 5;
    %and;
T_0.2;
    %flag_set/vec4 8;
    %jmp/0xz T_0.1, 8;
    %wait E_0x5ebde795bc80;
    %load/vec4 v0x5ebde7a13ce0_0;
    %addi 1, 0, 32;
    %store/vec4 v0x5ebde7a13ce0_0, 0, 32;
    %jmp T_0.0;
T_0.1 ;
    %load/vec4 v0x5ebde7a13ce0_0;
    %cmpi/s 10000, 0, 32;
    %flag_inv 5; GE is !LT
    %jmp/0xz  T_0.3, 5;
    %vpi_call 2 34 "$display", "ERROR: timeout esperando LEDG=0xAA" {0 0 0};
    %vpi_call 2 34 "$finish" {0 0 0};
T_0.3 ;
    %vpi_call 2 36 "$display", "[t=%0t]  CPU lista (LEDG=0xAA), pulsando KEY[1] con SW=%0d (esperado=%0d)", $time, v0x5ebde7a10820_0, v0x5ebde7a1fee0_0 {0 0 0};
    %pushi/vec4 13, 0, 4;
    %store/vec4 v0x5ebde7a4ca50_0, 0, 4;
    %pushi/vec4 0, 0, 32;
    %store/vec4 v0x5ebde7a13ce0_0, 0, 32;
T_0.5 ;
    %load/vec4 v0x5ebde7a4cb60_0;
    %cmpi/ne 1, 0, 8;
    %flag_get/vec4 6;
    %jmp/0 T_0.7, 6;
    %load/vec4 v0x5ebde7a13ce0_0;
    %cmpi/s 1000, 0, 32;
    %flag_get/vec4 5;
    %and;
T_0.7;
    %flag_set/vec4 8;
    %jmp/0xz T_0.6, 8;
    %wait E_0x5ebde795bc80;
    %load/vec4 v0x5ebde7a13ce0_0;
    %addi 1, 0, 32;
    %store/vec4 v0x5ebde7a13ce0_0, 0, 32;
    %jmp T_0.5;
T_0.6 ;
    %pushi/vec4 15, 0, 4;
    %store/vec4 v0x5ebde7a4ca50_0, 0, 4;
    %pushi/vec4 0, 0, 32;
    %store/vec4 v0x5ebde7a13ce0_0, 0, 32;
T_0.8 ;
    %load/vec4 v0x5ebde7a4cb60_0;
    %cmpi/ne 128, 0, 8;
    %flag_get/vec4 6;
    %jmp/0 T_0.10, 6;
    %load/vec4 v0x5ebde7a13ce0_0;
    %cmpi/s 10000, 0, 32;
    %flag_get/vec4 5;
    %and;
T_0.10;
    %flag_set/vec4 8;
    %jmp/0xz T_0.9, 8;
    %wait E_0x5ebde795bc80;
    %load/vec4 v0x5ebde7a13ce0_0;
    %addi 1, 0, 32;
    %store/vec4 v0x5ebde7a13ce0_0, 0, 32;
    %jmp T_0.8;
T_0.9 ;
    %load/vec4 v0x5ebde7a13ce0_0;
    %cmpi/s 10000, 0, 32;
    %flag_inv 5; GE is !LT
    %jmp/0xz  T_0.11, 5;
    %vpi_call 2 52 "$display", "ERROR: timeout esperando LEDG=0x80" {0 0 0};
    %vpi_call 2 52 "$finish" {0 0 0};
T_0.11 ;
    %load/vec4 v0x5ebde7a4cde0_0;
    %load/vec4 v0x5ebde7a1fee0_0;
    %cmp/e;
    %jmp/0xz  T_0.13, 4;
    %vpi_call 2 56 "$display", "        OK  HEX01=%0d (0x%h)   HEX23=%0d ciclos", v0x5ebde7a4cde0_0, v0x5ebde7a4cde0_0, v0x5ebde7a4cea0_0 {0 0 0};
    %jmp T_0.14;
T_0.13 ;
    %vpi_call 2 59 "$display", "        FAIL HEX01=%0d esperaba %0d   HEX23=%0d ciclos", v0x5ebde7a4cde0_0, v0x5ebde7a1fee0_0, v0x5ebde7a4cea0_0 {0 0 0};
T_0.14 ;
    %vpi_call 2 61 "$display", "\000" {0 0 0};
    %end;
S_0x5ebde7a30f00 .scope module, "system" "DE1_System" 2 15, 3 1 0, S_0x5ebde79e5580;
 .timescale -9 -11;
    .port_info 0 /INPUT 1 "CLOCK_50";
    .port_info 1 /INPUT 4 "KEY";
    .port_info 2 /INPUT 10 "SW";
    .port_info 3 /OUTPUT 7 "HEX0";
    .port_info 4 /OUTPUT 7 "HEX1";
    .port_info 5 /OUTPUT 7 "HEX2";
    .port_info 6 /OUTPUT 7 "HEX3";
    .port_info 7 /OUTPUT 10 "LEDR";
    .port_info 8 /OUTPUT 8 "LEDG";
L_0x5ebde7a4d020 .functor NOT 1, L_0x5ebde7a4cf80, C4<0>, C4<0>, C4<0>;
L_0x5ebde7a62da0 .functor NOT 4, v0x5ebde7a4ca50_0, C4<0000>, C4<0000>, C4<0000>;
L_0x5ebde7a62fa0 .functor BUFZ 10, L_0x5ebde7a61610, C4<0000000000>, C4<0000000000>, C4<0000000000>;
L_0x5ebde7a630f0 .functor BUFZ 8, v0x5ebde7a48860_0, C4<00000000>, C4<00000000>, C4<00000000>;
v0x5ebde7a4a990_0 .net "CLOCK_50", 0 0, v0x5ebde7a4cd40_0;  1 drivers
v0x5ebde7a4aa50_0 .net "HEX0", 6 0, v0x5ebde7a41650_0;  alias, 1 drivers
v0x5ebde7a4ab10_0 .net "HEX1", 6 0, v0x5ebde7a41b30_0;  alias, 1 drivers
v0x5ebde7a4abe0_0 .net "HEX2", 6 0, v0x5ebde7a42060_0;  alias, 1 drivers
v0x5ebde7a4acb0_0 .net "HEX3", 6 0, v0x5ebde7a42540_0;  alias, 1 drivers
v0x5ebde7a4ad50_0 .net "KEY", 3 0, v0x5ebde7a4ca50_0;  1 drivers
v0x5ebde7a4adf0_0 .net "LEDG", 7 0, L_0x5ebde7a630f0;  alias, 1 drivers
v0x5ebde7a4aed0_0 .net "LEDR", 9 0, L_0x5ebde7a62fa0;  alias, 1 drivers
v0x5ebde7a4afb0_0 .net "SW", 9 0, v0x5ebde7a4cca0_0;  1 drivers
v0x5ebde7a4b090_0 .net *"_ivl_1", 0 0, L_0x5ebde7a4cf80;  1 drivers
L_0x733d99557c30 .functor BUFT 1, C4<000000000000>, C4<0>, C4<0>, C4<0>;
v0x5ebde7a4b170_0 .net/2u *"_ivl_10", 11 0, L_0x733d99557c30;  1 drivers
v0x5ebde7a4b250_0 .net *"_ivl_12", 3 0, L_0x5ebde7a62da0;  1 drivers
L_0x733d99557ba0 .functor BUFT 1, C4<000000>, C4<0>, C4<0>, C4<0>;
v0x5ebde7a4b330_0 .net/2u *"_ivl_6", 5 0, L_0x733d99557ba0;  1 drivers
v0x5ebde7a4b410_0 .net "bus_control", 1 0, v0x5ebde7a05240_0;  1 drivers
RS_0x733d995a28f8 .resolv tri, L_0x5ebde7a4d270, L_0x5ebde7a62550, L_0x5ebde7a62840, L_0x5ebde7a62cb0, L_0x5ebde7a63b70;
v0x5ebde7a4b4d0_0 .net8 "bus_data", 15 0, RS_0x733d995a28f8;  5 drivers
v0x5ebde7a4b6a0_0 .net "bus_direccion", 15 0, L_0x5ebde7a60a80;  1 drivers
v0x5ebde7a4b760_0 .net "cs_hex01", 0 0, L_0x5ebde7a61fd0;  1 drivers
v0x5ebde7a4b910_0 .net "cs_hex23", 0 0, L_0x5ebde7a620c0;  1 drivers
v0x5ebde7a4ba00_0 .net "cs_key", 0 0, L_0x5ebde7a61c70;  1 drivers
v0x5ebde7a4baf0_0 .net "cs_ledg", 0 0, L_0x5ebde7a61ea0;  1 drivers
v0x5ebde7a4bbe0_0 .net "cs_ledr", 0 0, L_0x5ebde7a61d60;  1 drivers
v0x5ebde7a4bc80_0 .net "cs_mem", 0 0, L_0x5ebde7a61830;  1 drivers
v0x5ebde7a4bd70_0 .net "cs_sw", 0 0, L_0x5ebde7a61970;  1 drivers
v0x5ebde7a4be60_0 .net "cs_timer_cnt", 0 0, L_0x5ebde7a622f0;  1 drivers
v0x5ebde7a4bf50_0 .net "cs_timer_top", 0 0, L_0x5ebde7a62200;  1 drivers
v0x5ebde7a4c040_0 .net "hex01_reg", 15 0, v0x5ebde7a46c10_0;  1 drivers
v0x5ebde7a4c0e0_0 .net "hex23_reg", 15 0, v0x5ebde7a47490_0;  1 drivers
v0x5ebde7a4c180_0 .net "irq_ack", 0 0, v0x5ebde7a3d9c0_0;  1 drivers
v0x5ebde7a4c220_0 .net "irq_line", 0 0, v0x5ebde7a4a3e0_0;  1 drivers
v0x5ebde7a4c2c0_0 .net "ledg_reg", 7 0, v0x5ebde7a48860_0;  1 drivers
v0x5ebde7a4c360_0 .net "pc", 9 0, L_0x5ebde7a61610;  1 drivers
v0x5ebde7a4c450_0 .net "reset", 0 0, L_0x5ebde7a4d020;  1 drivers
L_0x5ebde7a4cf80 .part v0x5ebde7a4ca50_0, 0, 1;
L_0x5ebde7a62640 .part L_0x5ebde7a60a80, 0, 10;
L_0x5ebde7a62930 .concat [ 10 6 0 0], v0x5ebde7a4cca0_0, L_0x733d99557ba0;
L_0x5ebde7a62e10 .concat [ 4 12 0 0], L_0x5ebde7a62da0, L_0x733d99557c30;
L_0x5ebde7a631b0 .part v0x5ebde7a46c10_0, 0, 4;
L_0x5ebde7a632a0 .part v0x5ebde7a46c10_0, 4, 4;
L_0x5ebde7a63380 .part v0x5ebde7a47490_0, 0, 4;
L_0x5ebde7a63470 .part v0x5ebde7a47490_0, 4, 4;
S_0x5ebde7a31190 .scope module, "CPU" "cpu_ampliada" 3 18, 4 1 0, S_0x5ebde7a30f00;
 .timescale -9 -11;
    .port_info 0 /INPUT 1 "clk";
    .port_info 1 /INPUT 1 "reset";
    .port_info 2 /INPUT 1 "irq_in";
    .port_info 3 /OUTPUT 10 "pc_out";
    .port_info 4 /OUTPUT 16 "bus_direccion";
    .port_info 5 /INOUT 16 "bus_data";
    .port_info 6 /OUTPUT 2 "bus_control";
    .port_info 7 /OUTPUT 1 "irq_ack";
L_0x5ebde7a4d120 .functor BUFZ 16, RS_0x733d995a28f8, C4<0000000000000000>, C4<0000000000000000>, C4<0000000000000000>;
L_0x733d99557018 .functor BUFT 1, C4<10>, C4<0>, C4<0>, C4<0>;
v0x5ebde7a3e910_0 .net/2u *"_ivl_2", 1 0, L_0x733d99557018;  1 drivers
v0x5ebde7a3ea10_0 .net *"_ivl_4", 0 0, L_0x5ebde7a4d1d0;  1 drivers
o0x733d995a28c8 .functor BUFZ 16, C4<zzzzzzzzzzzzzzzz>; HiZ drive
; Elide local net with no drivers, v0x5ebde7a3ead0_0 name=_ivl_6
v0x5ebde7a3eb90_0 .net "bus_control", 1 0, v0x5ebde7a05240_0;  alias, 1 drivers
v0x5ebde7a3ec50_0 .net8 "bus_data", 15 0, RS_0x733d995a28f8;  alias, 5 drivers
v0x5ebde7a3ed60_0 .net "bus_data_in", 15 0, L_0x5ebde7a4d120;  1 drivers
v0x5ebde7a3ee70_0 .net "bus_data_out", 15 0, L_0x5ebde7a5ffb0;  1 drivers
v0x5ebde7a3ef80_0 .net "bus_direccion", 15 0, L_0x5ebde7a60a80;  alias, 1 drivers
v0x5ebde7a3f040_0 .net "clk", 0 0, v0x5ebde7a4cd40_0;  alias, 1 drivers
v0x5ebde7a3f0e0_0 .net "ie", 0 0, v0x5ebde7a320e0_0;  1 drivers
v0x5ebde7a3f180_0 .net "irq_ack", 0 0, v0x5ebde7a3d9c0_0;  alias, 1 drivers
v0x5ebde7a3f220_0 .net "irq_in", 0 0, v0x5ebde7a4a3e0_0;  alias, 1 drivers
v0x5ebde7a3f2c0_0 .net "op_alu", 2 0, v0x5ebde7a3db00_0;  1 drivers
v0x5ebde7a3f360_0 .net "opcode", 5 0, L_0x5ebde7a5e650;  1 drivers
v0x5ebde7a3f400_0 .net "pc_out", 9 0, L_0x5ebde7a61610;  alias, 1 drivers
v0x5ebde7a3f4a0_0 .net "reset", 0 0, L_0x5ebde7a4d020;  alias, 1 drivers
v0x5ebde7a3f540_0 .net "s_alu_imm", 1 0, v0x5ebde7a3dd20_0;  1 drivers
v0x5ebde7a3f5e0_0 .net "s_bat", 1 0, v0x5ebde7a3de10_0;  1 drivers
v0x5ebde7a3f6a0_0 .net "s_inc", 0 0, v0x5ebde7a3df20_0;  1 drivers
v0x5ebde7a3f740_0 .net "s_int", 1 0, v0x5ebde7a3e050_0;  1 drivers
v0x5ebde7a3f850_0 .net "s_irq", 0 0, v0x5ebde7a3e110_0;  1 drivers
v0x5ebde7a3f8f0_0 .net "s_jp", 0 0, v0x5ebde7a3e1b0_0;  1 drivers
v0x5ebde7a3f990_0 .net "s_wd3", 1 0, v0x5ebde7a3e2a0_0;  1 drivers
v0x5ebde7a3fa50_0 .net "s_we3", 1 0, v0x5ebde7a3e390_0;  1 drivers
v0x5ebde7a3fb10_0 .net "wez", 0 0, v0x5ebde7a3e4a0_0;  1 drivers
v0x5ebde7a3fbb0_0 .net "z", 0 0, v0x5ebde7a327e0_0;  1 drivers
L_0x5ebde7a4d1d0 .cmp/eq 2, v0x5ebde7a3e390_0, L_0x733d99557018;
L_0x5ebde7a4d270 .functor MUXZ 16, o0x733d995a28c8, L_0x5ebde7a5ffb0, L_0x5ebde7a4d1d0, C4<>;
S_0x5ebde7a313f0 .scope module, "CD" "cd" 4 27, 5 1 0, S_0x5ebde7a31190;
 .timescale -9 -11;
    .port_info 0 /INPUT 1 "clk";
    .port_info 1 /INPUT 1 "reset";
    .port_info 2 /INPUT 1 "s_inc";
    .port_info 3 /INPUT 1 "wez";
    .port_info 4 /INPUT 1 "s_jp";
    .port_info 5 /INPUT 1 "s_irq";
    .port_info 6 /INPUT 2 "s_alu_imm";
    .port_info 7 /INPUT 2 "s_int";
    .port_info 8 /INPUT 2 "s_wd3";
    .port_info 9 /INPUT 2 "s_we3";
    .port_info 10 /INPUT 2 "s_bat";
    .port_info 11 /INPUT 3 "op_alu";
    .port_info 12 /OUTPUT 1 "z";
    .port_info 13 /OUTPUT 1 "ie_out";
    .port_info 14 /OUTPUT 6 "opcode";
    .port_info 15 /OUTPUT 10 "pc_out";
    .port_info 16 /INPUT 16 "bus_data_in";
    .port_info 17 /OUTPUT 16 "bus_data_out";
    .port_info 18 /OUTPUT 16 "bus_direccion";
L_0x5ebde7a60a80 .functor BUFZ 16, v0x5ebde7a31910_0, C4<0000000000000000>, C4<0000000000000000>, C4<0000000000000000>;
L_0x5ebde7a614b0 .functor OR 1, L_0x5ebde7a61280, L_0x5ebde7a61320, C4<0>, C4<0>;
L_0x5ebde7a61610 .functor BUFZ 10, v0x5ebde7a371f0_0, C4<0000000000>, C4<0000000000>, C4<0000000000>;
L_0x733d995572a0 .functor BUFT 1, C4<000000>, C4<0>, C4<0>, C4<0>;
v0x5ebde7a3acb0_0 .net/2u *"_ivl_16", 5 0, L_0x733d995572a0;  1 drivers
v0x5ebde7a3ad90_0 .net *"_ivl_19", 9 0, L_0x5ebde7a5eb50;  1 drivers
v0x5ebde7a3ae70_0 .net *"_ivl_29", 0 0, L_0x5ebde7a61280;  1 drivers
v0x5ebde7a3af30_0 .net *"_ivl_31", 0 0, L_0x5ebde7a61320;  1 drivers
v0x5ebde7a3b010_0 .net "alu_b", 15 0, L_0x5ebde7a60790;  1 drivers
v0x5ebde7a3b170_0 .net "alu_out", 15 0, v0x5ebde7a31910_0;  1 drivers
v0x5ebde7a3b280_0 .net "bus_data_in", 15 0, L_0x5ebde7a4d120;  alias, 1 drivers
v0x5ebde7a3b340_0 .net "bus_data_out", 15 0, L_0x5ebde7a5ffb0;  alias, 1 drivers
v0x5ebde7a3b3e0_0 .net "bus_direccion", 15 0, L_0x5ebde7a60a80;  alias, 1 drivers
v0x5ebde7a3b4a0_0 .net "clk", 0 0, v0x5ebde7a4cd40_0;  alias, 1 drivers
v0x5ebde7a3b540_0 .net "desp_ext", 15 0, L_0x5ebde7a5ebf0;  1 drivers
v0x5ebde7a3b600_0 .net "dir_pila", 9 0, L_0x5ebde7a5e070;  1 drivers
v0x5ebde7a3b6a0_0 .net "ie_load", 0 0, L_0x5ebde7a614b0;  1 drivers
v0x5ebde7a3b740_0 .net "ie_out", 0 0, v0x5ebde7a320e0_0;  alias, 1 drivers
v0x5ebde7a3b810_0 .net "imm16", 15 0, L_0x5ebde7a5e960;  1 drivers
v0x5ebde7a3b900_0 .net "instr", 31 0, L_0x5ebde7a4d540;  1 drivers
v0x5ebde7a3b9a0_0 .net "instr_addr", 9 0, L_0x5ebde7a5d770;  1 drivers
v0x5ebde7a3ba70_0 .net "jump_addr", 9 0, L_0x5ebde7a5d860;  1 drivers
v0x5ebde7a3bb60_0 .net "jump_addr_stack", 9 0, L_0x5ebde7a5e240;  1 drivers
v0x5ebde7a3bc70_0 .net "op_alu", 2 0, v0x5ebde7a3db00_0;  alias, 1 drivers
v0x5ebde7a3bd30_0 .net "opcode", 5 0, L_0x5ebde7a5e650;  alias, 1 drivers
v0x5ebde7a3bdf0_0 .net "pc", 9 0, v0x5ebde7a371f0_0;  1 drivers
v0x5ebde7a3beb0_0 .net "pc_inc", 9 0, L_0x5ebde7a4d650;  1 drivers
v0x5ebde7a3bf70_0 .net "pc_next", 9 0, L_0x5ebde7a5e490;  1 drivers
v0x5ebde7a3c030_0 .net "pc_out", 9 0, L_0x5ebde7a61610;  alias, 1 drivers
v0x5ebde7a3c110_0 .net "ra1", 3 0, L_0x5ebde7a5e820;  1 drivers
v0x5ebde7a3c1d0_0 .net "ra2", 3 0, L_0x5ebde7a5e8c0;  1 drivers
v0x5ebde7a3c270_0 .net "rd1", 15 0, L_0x5ebde7a5f0a0;  1 drivers
v0x5ebde7a3c360_0 .net "rd2", 15 0, L_0x5ebde7a5f820;  1 drivers
v0x5ebde7a3c470_0 .net "reset", 0 0, L_0x5ebde7a4d020;  alias, 1 drivers
v0x5ebde7a3c510_0 .net "s_alu_imm", 1 0, v0x5ebde7a3dd20_0;  alias, 1 drivers
v0x5ebde7a3c5d0_0 .net "s_bat", 1 0, v0x5ebde7a3de10_0;  alias, 1 drivers
v0x5ebde7a3c670_0 .net "s_inc", 0 0, v0x5ebde7a3df20_0;  alias, 1 drivers
v0x5ebde7a3c950_0 .net "s_int", 1 0, v0x5ebde7a3e050_0;  alias, 1 drivers
v0x5ebde7a3c9f0_0 .net "s_irq", 0 0, v0x5ebde7a3e110_0;  alias, 1 drivers
v0x5ebde7a3ca90_0 .net "s_jp", 0 0, v0x5ebde7a3e1b0_0;  alias, 1 drivers
v0x5ebde7a3cb30_0 .net "s_wd3", 1 0, v0x5ebde7a3e2a0_0;  alias, 1 drivers
v0x5ebde7a3cc00_0 .net "s_we3", 1 0, v0x5ebde7a3e390_0;  alias, 1 drivers
v0x5ebde7a3ccd0_0 .net "stack_din", 9 0, L_0x5ebde7a5d990;  1 drivers
v0x5ebde7a3cdc0_0 .net "wa3", 3 0, L_0x5ebde7a5e780;  1 drivers
v0x5ebde7a3ce80_0 .net "wd3", 15 0, L_0x5ebde7a61100;  1 drivers
v0x5ebde7a3cf70_0 .net "wez", 0 0, v0x5ebde7a3e4a0_0;  alias, 1 drivers
v0x5ebde7a3d010_0 .net "z", 0 0, v0x5ebde7a327e0_0;  alias, 1 drivers
v0x5ebde7a3d0e0_0 .net "zero_comb", 0 0, L_0x5ebde7a4d6f0;  1 drivers
L_0x5ebde7a5d770 .part L_0x5ebde7a4d540, 0, 10;
L_0x5ebde7a5e650 .part L_0x5ebde7a4d540, 26, 6;
L_0x5ebde7a5e780 .part L_0x5ebde7a4d540, 22, 4;
L_0x5ebde7a5e820 .part L_0x5ebde7a4d540, 18, 4;
L_0x5ebde7a5e8c0 .part L_0x5ebde7a4d540, 14, 4;
L_0x5ebde7a5e960 .part L_0x5ebde7a4d540, 2, 16;
L_0x5ebde7a5eb50 .part L_0x5ebde7a4d540, 2, 10;
L_0x5ebde7a5ebf0 .concat [ 10 6 0 0], L_0x5ebde7a5eb50, L_0x733d995572a0;
L_0x5ebde7a61280 .part v0x5ebde7a3e050_0, 0, 1;
L_0x5ebde7a61320 .part v0x5ebde7a3e050_0, 1, 1;
L_0x5ebde7a61570 .part v0x5ebde7a3e050_0, 0, 1;
S_0x5ebde7a315a0 .scope module, "ALU0" "alu" 5 80, 6 1 0, S_0x5ebde7a313f0;
 .timescale -9 -11;
    .port_info 0 /INPUT 16 "a";
    .port_info 1 /INPUT 16 "b";
    .port_info 2 /INPUT 3 "op_alu";
    .port_info 3 /OUTPUT 16 "y";
    .port_info 4 /OUTPUT 1 "zero";
L_0x5ebde7a4d6f0 .functor NOT 1, L_0x5ebde7a60950, C4<0>, C4<0>, C4<0>;
v0x5ebde79f4910_0 .net *"_ivl_3", 0 0, L_0x5ebde7a60950;  1 drivers
v0x5ebde79d9890_0 .net "a", 15 0, L_0x5ebde7a5f0a0;  alias, 1 drivers
v0x5ebde796dd40_0 .net "b", 15 0, L_0x5ebde7a60790;  alias, 1 drivers
v0x5ebde7a31830_0 .net "op_alu", 2 0, v0x5ebde7a3db00_0;  alias, 1 drivers
v0x5ebde7a31910_0 .var "s", 15 0;
v0x5ebde7a31a40_0 .net "y", 15 0, v0x5ebde7a31910_0;  alias, 1 drivers
v0x5ebde7a31b20_0 .net "zero", 0 0, L_0x5ebde7a4d6f0;  alias, 1 drivers
E_0x5ebde795b820 .event anyedge, v0x5ebde7a31830_0, v0x5ebde796dd40_0, v0x5ebde79d9890_0;
L_0x5ebde7a60950 .reduce/or v0x5ebde7a31910_0;
S_0x5ebde7a31c80 .scope module, "FIE" "ffd" 5 97, 7 85 0, S_0x5ebde7a313f0;
 .timescale -9 -11;
    .port_info 0 /INPUT 1 "clk";
    .port_info 1 /INPUT 1 "reset";
    .port_info 2 /INPUT 1 "d";
    .port_info 3 /INPUT 1 "carga";
    .port_info 4 /OUTPUT 1 "q";
v0x5ebde7a31ea0_0 .net "carga", 0 0, L_0x5ebde7a614b0;  alias, 1 drivers
v0x5ebde7a31f80_0 .net "clk", 0 0, v0x5ebde7a4cd40_0;  alias, 1 drivers
v0x5ebde7a32040_0 .net "d", 0 0, L_0x5ebde7a61570;  1 drivers
v0x5ebde7a320e0_0 .var "q", 0 0;
v0x5ebde7a321a0_0 .net "reset", 0 0, L_0x5ebde7a4d020;  alias, 1 drivers
E_0x5ebde793a430 .event posedge, v0x5ebde7a321a0_0, v0x5ebde7a31f80_0;
S_0x5ebde7a32350 .scope module, "FZ" "ffd" 5 93, 7 85 0, S_0x5ebde7a313f0;
 .timescale -9 -11;
    .port_info 0 /INPUT 1 "clk";
    .port_info 1 /INPUT 1 "reset";
    .port_info 2 /INPUT 1 "d";
    .port_info 3 /INPUT 1 "carga";
    .port_info 4 /OUTPUT 1 "q";
v0x5ebde7a32530_0 .net "carga", 0 0, v0x5ebde7a3e4a0_0;  alias, 1 drivers
v0x5ebde7a325f0_0 .net "clk", 0 0, v0x5ebde7a4cd40_0;  alias, 1 drivers
v0x5ebde7a326e0_0 .net "d", 0 0, L_0x5ebde7a4d6f0;  alias, 1 drivers
v0x5ebde7a327e0_0 .var "q", 0 0;
v0x5ebde7a32880_0 .net "reset", 0 0, L_0x5ebde7a4d020;  alias, 1 drivers
S_0x5ebde7a329c0 .scope module, "MP" "memprog" 5 28, 8 3 0, S_0x5ebde7a313f0;
 .timescale -9 -11;
    .port_info 0 /INPUT 1 "clk";
    .port_info 1 /INPUT 10 "a";
    .port_info 2 /OUTPUT 32 "rd";
L_0x5ebde7a4d540 .functor BUFZ 32, L_0x5ebde7a4d360, C4<00000000000000000000000000000000>, C4<00000000000000000000000000000000>, C4<00000000000000000000000000000000>;
v0x5ebde7a32c10_0 .net *"_ivl_0", 31 0, L_0x5ebde7a4d360;  1 drivers
v0x5ebde7a32d10_0 .net *"_ivl_2", 11 0, L_0x5ebde7a4d400;  1 drivers
L_0x733d99557060 .functor BUFT 1, C4<00>, C4<0>, C4<0>, C4<0>;
v0x5ebde7a32df0_0 .net *"_ivl_5", 1 0, L_0x733d99557060;  1 drivers
v0x5ebde7a32eb0_0 .net "a", 9 0, v0x5ebde7a371f0_0;  alias, 1 drivers
v0x5ebde7a32f90_0 .net "clk", 0 0, v0x5ebde7a4cd40_0;  alias, 1 drivers
v0x5ebde7a330d0 .array "mem", 1023 0, 31 0;
v0x5ebde7a33190_0 .net "rd", 31 0, L_0x5ebde7a4d540;  alias, 1 drivers
L_0x5ebde7a4d360 .array/port v0x5ebde7a330d0, L_0x5ebde7a4d400;
L_0x5ebde7a4d400 .concat [ 10 2 0 0], v0x5ebde7a371f0_0, L_0x733d99557060;
S_0x5ebde7a332f0 .scope module, "MUX_ALU_B" "mux4" 5 79, 7 70 0, S_0x5ebde7a313f0;
 .timescale -9 -11;
    .port_info 0 /INPUT 16 "d0";
    .port_info 1 /INPUT 16 "d1";
    .port_info 2 /INPUT 16 "d2";
    .port_info 3 /INPUT 16 "d3";
    .port_info 4 /INPUT 2 "s";
    .port_info 5 /OUTPUT 16 "y";
P_0x5ebde7a33520 .param/l "WIDTH" 0 7 70, +C4<00000000000000000000000000010000>;
L_0x733d99557648 .functor BUFT 1, C4<00>, C4<0>, C4<0>, C4<0>;
v0x5ebde7a33660_0 .net/2u *"_ivl_0", 1 0, L_0x733d99557648;  1 drivers
v0x5ebde7a33740_0 .net *"_ivl_10", 0 0, L_0x5ebde7a603e0;  1 drivers
v0x5ebde7a33800_0 .net *"_ivl_12", 15 0, L_0x5ebde7a604d0;  1 drivers
v0x5ebde7a338c0_0 .net *"_ivl_14", 15 0, L_0x5ebde7a605c0;  1 drivers
v0x5ebde7a339a0_0 .net *"_ivl_2", 0 0, L_0x5ebde7a601c0;  1 drivers
L_0x733d99557690 .functor BUFT 1, C4<01>, C4<0>, C4<0>, C4<0>;
v0x5ebde7a33ab0_0 .net/2u *"_ivl_4", 1 0, L_0x733d99557690;  1 drivers
v0x5ebde7a33b90_0 .net *"_ivl_6", 0 0, L_0x5ebde7a602f0;  1 drivers
L_0x733d995576d8 .functor BUFT 1, C4<10>, C4<0>, C4<0>, C4<0>;
v0x5ebde7a33c50_0 .net/2u *"_ivl_8", 1 0, L_0x733d995576d8;  1 drivers
v0x5ebde7a33d30_0 .net "d0", 15 0, L_0x5ebde7a5f820;  alias, 1 drivers
v0x5ebde7a33e10_0 .net "d1", 15 0, L_0x5ebde7a5e960;  alias, 1 drivers
v0x5ebde7a33ef0_0 .net "d2", 15 0, L_0x5ebde7a5ebf0;  alias, 1 drivers
L_0x733d99557720 .functor BUFT 1, C4<0000000000000000>, C4<0>, C4<0>, C4<0>;
v0x5ebde7a33fd0_0 .net "d3", 15 0, L_0x733d99557720;  1 drivers
v0x5ebde7a340b0_0 .net "s", 1 0, v0x5ebde7a3dd20_0;  alias, 1 drivers
v0x5ebde7a34190_0 .net "y", 15 0, L_0x5ebde7a60790;  alias, 1 drivers
L_0x5ebde7a601c0 .cmp/eq 2, v0x5ebde7a3dd20_0, L_0x733d99557648;
L_0x5ebde7a602f0 .cmp/eq 2, v0x5ebde7a3dd20_0, L_0x733d99557690;
L_0x5ebde7a603e0 .cmp/eq 2, v0x5ebde7a3dd20_0, L_0x733d995576d8;
L_0x5ebde7a604d0 .functor MUXZ 16, L_0x733d99557720, L_0x5ebde7a5ebf0, L_0x5ebde7a603e0, C4<>;
L_0x5ebde7a605c0 .functor MUXZ 16, L_0x5ebde7a604d0, L_0x5ebde7a5e960, L_0x5ebde7a602f0, C4<>;
L_0x5ebde7a60790 .functor MUXZ 16, L_0x5ebde7a605c0, L_0x5ebde7a5f820, L_0x5ebde7a601c0, C4<>;
S_0x5ebde7a342f0 .scope module, "MUX_JUMP_STACK" "mux2" 5 53, 7 55 0, S_0x5ebde7a313f0;
 .timescale -9 -11;
    .port_info 0 /INPUT 10 "d0";
    .port_info 1 /INPUT 10 "d1";
    .port_info 2 /INPUT 1 "s";
    .port_info 3 /OUTPUT 10 "y";
P_0x5ebde7a34480 .param/l "WIDTH" 0 7 55, +C4<00000000000000000000000000001010>;
v0x5ebde7a34550_0 .net "d0", 9 0, L_0x5ebde7a5e070;  alias, 1 drivers
v0x5ebde7a34650_0 .net "d1", 9 0, L_0x5ebde7a5d860;  alias, 1 drivers
v0x5ebde7a34730_0 .net "s", 0 0, v0x5ebde7a3e1b0_0;  alias, 1 drivers
v0x5ebde7a34800_0 .net "y", 9 0, L_0x5ebde7a5e240;  alias, 1 drivers
L_0x5ebde7a5e240 .functor MUXZ 10, L_0x5ebde7a5e070, L_0x5ebde7a5d860, v0x5ebde7a3e1b0_0, C4<>;
S_0x5ebde7a34990 .scope module, "MUX_PC" "mux2" 5 56, 7 55 0, S_0x5ebde7a313f0;
 .timescale -9 -11;
    .port_info 0 /INPUT 10 "d0";
    .port_info 1 /INPUT 10 "d1";
    .port_info 2 /INPUT 1 "s";
    .port_info 3 /OUTPUT 10 "y";
P_0x5ebde7a34b70 .param/l "WIDTH" 0 7 55, +C4<00000000000000000000000000001010>;
v0x5ebde7a34c40_0 .net "d0", 9 0, L_0x5ebde7a5e240;  alias, 1 drivers
v0x5ebde7a34d50_0 .net "d1", 9 0, L_0x5ebde7a4d650;  alias, 1 drivers
v0x5ebde7a34e10_0 .net "s", 0 0, v0x5ebde7a3df20_0;  alias, 1 drivers
v0x5ebde7a34ee0_0 .net "y", 9 0, L_0x5ebde7a5e490;  alias, 1 drivers
L_0x5ebde7a5e490 .functor MUXZ 10, L_0x5ebde7a5e240, L_0x5ebde7a4d650, v0x5ebde7a3df20_0, C4<>;
S_0x5ebde7a35070 .scope module, "MUX_STACK_DIN" "mux2" 5 46, 7 55 0, S_0x5ebde7a313f0;
 .timescale -9 -11;
    .port_info 0 /INPUT 10 "d0";
    .port_info 1 /INPUT 10 "d1";
    .port_info 2 /INPUT 1 "s";
    .port_info 3 /OUTPUT 10 "y";
P_0x5ebde7a35250 .param/l "WIDTH" 0 7 55, +C4<00000000000000000000000000001010>;
v0x5ebde7a35320_0 .net "d0", 9 0, L_0x5ebde7a4d650;  alias, 1 drivers
v0x5ebde7a35430_0 .net "d1", 9 0, v0x5ebde7a371f0_0;  alias, 1 drivers
v0x5ebde7a35500_0 .net "s", 0 0, v0x5ebde7a3e110_0;  alias, 1 drivers
v0x5ebde7a355d0_0 .net "y", 9 0, L_0x5ebde7a5d990;  alias, 1 drivers
L_0x5ebde7a5d990 .functor MUXZ 10, L_0x5ebde7a4d650, v0x5ebde7a371f0_0, v0x5ebde7a3e110_0, C4<>;
S_0x5ebde7a35740 .scope module, "MUX_VECTOR" "mux2" 5 38, 7 55 0, S_0x5ebde7a313f0;
 .timescale -9 -11;
    .port_info 0 /INPUT 10 "d0";
    .port_info 1 /INPUT 10 "d1";
    .port_info 2 /INPUT 1 "s";
    .port_info 3 /OUTPUT 10 "y";
P_0x5ebde7a334d0 .param/l "WIDTH" 0 7 55, +C4<00000000000000000000000000001010>;
v0x5ebde7a359a0_0 .net "d0", 9 0, L_0x5ebde7a5d770;  alias, 1 drivers
L_0x733d995570f0 .functor BUFT 1, C4<0000010000>, C4<0>, C4<0>, C4<0>;
v0x5ebde7a35aa0_0 .net "d1", 9 0, L_0x733d995570f0;  1 drivers
v0x5ebde7a35b80_0 .net "s", 0 0, v0x5ebde7a3e110_0;  alias, 1 drivers
v0x5ebde7a35c80_0 .net "y", 9 0, L_0x5ebde7a5d860;  alias, 1 drivers
L_0x5ebde7a5d860 .functor MUXZ 10, L_0x5ebde7a5d770, L_0x733d995570f0, v0x5ebde7a3e110_0, C4<>;
S_0x5ebde7a35dc0 .scope module, "MUX_WD3" "mux4" 5 87, 7 70 0, S_0x5ebde7a313f0;
 .timescale -9 -11;
    .port_info 0 /INPUT 16 "d0";
    .port_info 1 /INPUT 16 "d1";
    .port_info 2 /INPUT 16 "d2";
    .port_info 3 /INPUT 16 "d3";
    .port_info 4 /INPUT 2 "s";
    .port_info 5 /OUTPUT 16 "y";
P_0x5ebde7a35fa0 .param/l "WIDTH" 0 7 70, +C4<00000000000000000000000000010000>;
L_0x733d99557768 .functor BUFT 1, C4<00>, C4<0>, C4<0>, C4<0>;
v0x5ebde7a360e0_0 .net/2u *"_ivl_0", 1 0, L_0x733d99557768;  1 drivers
v0x5ebde7a361e0_0 .net *"_ivl_10", 0 0, L_0x5ebde7a60d50;  1 drivers
v0x5ebde7a362a0_0 .net *"_ivl_12", 15 0, L_0x5ebde7a60e40;  1 drivers
v0x5ebde7a36390_0 .net *"_ivl_14", 15 0, L_0x5ebde7a60f30;  1 drivers
v0x5ebde7a36470_0 .net *"_ivl_2", 0 0, L_0x5ebde7a60b80;  1 drivers
L_0x733d995577b0 .functor BUFT 1, C4<01>, C4<0>, C4<0>, C4<0>;
v0x5ebde7a36580_0 .net/2u *"_ivl_4", 1 0, L_0x733d995577b0;  1 drivers
v0x5ebde7a36660_0 .net *"_ivl_6", 0 0, L_0x5ebde7a60cb0;  1 drivers
L_0x733d995577f8 .functor BUFT 1, C4<10>, C4<0>, C4<0>, C4<0>;
v0x5ebde7a36720_0 .net/2u *"_ivl_8", 1 0, L_0x733d995577f8;  1 drivers
v0x5ebde7a36800_0 .net "d0", 15 0, v0x5ebde7a31910_0;  alias, 1 drivers
v0x5ebde7a368c0_0 .net "d1", 15 0, L_0x5ebde7a4d120;  alias, 1 drivers
L_0x733d99557840 .functor BUFT 1, C4<0000000000000000>, C4<0>, C4<0>, C4<0>;
v0x5ebde7a36980_0 .net "d2", 15 0, L_0x733d99557840;  1 drivers
v0x5ebde7a36a60_0 .net "d3", 15 0, L_0x5ebde7a5e960;  alias, 1 drivers
v0x5ebde7a36b50_0 .net "s", 1 0, v0x5ebde7a3e2a0_0;  alias, 1 drivers
v0x5ebde7a36c10_0 .net "y", 15 0, L_0x5ebde7a61100;  alias, 1 drivers
L_0x5ebde7a60b80 .cmp/eq 2, v0x5ebde7a3e2a0_0, L_0x733d99557768;
L_0x5ebde7a60cb0 .cmp/eq 2, v0x5ebde7a3e2a0_0, L_0x733d995577b0;
L_0x5ebde7a60d50 .cmp/eq 2, v0x5ebde7a3e2a0_0, L_0x733d995577f8;
L_0x5ebde7a60e40 .functor MUXZ 16, L_0x5ebde7a5e960, L_0x733d99557840, L_0x5ebde7a60d50, C4<>;
L_0x5ebde7a60f30 .functor MUXZ 16, L_0x5ebde7a60e40, L_0x5ebde7a4d120, L_0x5ebde7a60cb0, C4<>;
L_0x5ebde7a61100 .functor MUXZ 16, L_0x5ebde7a60f30, v0x5ebde7a31910_0, L_0x5ebde7a60b80, C4<>;
S_0x5ebde7a36db0 .scope module, "PCREG" "registro" 5 27, 7 43 0, S_0x5ebde7a313f0;
 .timescale -9 -11;
    .port_info 0 /INPUT 1 "clk";
    .port_info 1 /INPUT 1 "reset";
    .port_info 2 /INPUT 10 "d";
    .port_info 3 /OUTPUT 10 "q";
P_0x5ebde7a36f40 .param/l "WIDTH" 0 7 43, +C4<00000000000000000000000000001010>;
v0x5ebde7a37040_0 .net "clk", 0 0, v0x5ebde7a4cd40_0;  alias, 1 drivers
v0x5ebde7a37100_0 .net "d", 9 0, L_0x5ebde7a5e490;  alias, 1 drivers
v0x5ebde7a371f0_0 .var "q", 9 0;
v0x5ebde7a37310_0 .net "reset", 0 0, L_0x5ebde7a4d020;  alias, 1 drivers
S_0x5ebde7a37460 .scope module, "PILA" "stack" 5 49, 7 112 0, S_0x5ebde7a313f0;
 .timescale -9 -11;
    .port_info 0 /INPUT 1 "clk";
    .port_info 1 /INPUT 1 "reset";
    .port_info 2 /INPUT 2 "s_bat";
    .port_info 3 /INPUT 10 "din";
    .port_info 4 /OUTPUT 10 "dout";
v0x5ebde7a37640_0 .net *"_ivl_0", 31 0, L_0x5ebde7a5da50;  1 drivers
v0x5ebde7a37740_0 .net *"_ivl_10", 9 0, L_0x5ebde7a5dcf0;  1 drivers
v0x5ebde7a37820_0 .net *"_ivl_12", 31 0, L_0x5ebde7a5dd90;  1 drivers
L_0x733d99557210 .functor BUFT 1, C4<0000000000000000000000000000>, C4<0>, C4<0>, C4<0>;
v0x5ebde7a378e0_0 .net *"_ivl_15", 27 0, L_0x733d99557210;  1 drivers
L_0x733d99557258 .functor BUFT 1, C4<00000000000000000000000000000001>, C4<0>, C4<0>, C4<0>;
v0x5ebde7a379c0_0 .net/2u *"_ivl_16", 31 0, L_0x733d99557258;  1 drivers
v0x5ebde7a37af0_0 .net *"_ivl_18", 31 0, L_0x5ebde7a5df30;  1 drivers
L_0x733d99557138 .functor BUFT 1, C4<0000000000000000000000000000>, C4<0>, C4<0>, C4<0>;
v0x5ebde7a37bd0_0 .net *"_ivl_3", 27 0, L_0x733d99557138;  1 drivers
L_0x733d99557180 .functor BUFT 1, C4<00000000000000000000000000000000>, C4<0>, C4<0>, C4<0>;
v0x5ebde7a37cb0_0 .net/2u *"_ivl_4", 31 0, L_0x733d99557180;  1 drivers
v0x5ebde7a37d90_0 .net *"_ivl_6", 0 0, L_0x5ebde7a5dbb0;  1 drivers
L_0x733d995571c8 .functor BUFT 1, C4<0000000000>, C4<0>, C4<0>, C4<0>;
v0x5ebde7a37e50_0 .net/2u *"_ivl_8", 9 0, L_0x733d995571c8;  1 drivers
v0x5ebde7a37f30_0 .net "clk", 0 0, v0x5ebde7a4cd40_0;  alias, 1 drivers
v0x5ebde7a37fd0_0 .net "din", 9 0, L_0x5ebde7a5d990;  alias, 1 drivers
v0x5ebde7a38090_0 .net "dout", 9 0, L_0x5ebde7a5e070;  alias, 1 drivers
v0x5ebde7a38160_0 .net "reset", 0 0, L_0x5ebde7a4d020;  alias, 1 drivers
v0x5ebde7a38200_0 .net "s_bat", 1 0, v0x5ebde7a3de10_0;  alias, 1 drivers
v0x5ebde7a382c0_0 .var "sp", 3 0;
v0x5ebde7a383a0 .array "stack_mem", 15 0, 9 0;
L_0x5ebde7a5da50 .concat [ 4 28 0 0], v0x5ebde7a382c0_0, L_0x733d99557138;
L_0x5ebde7a5dbb0 .cmp/eq 32, L_0x5ebde7a5da50, L_0x733d99557180;
L_0x5ebde7a5dcf0 .array/port v0x5ebde7a383a0, L_0x5ebde7a5df30;
L_0x5ebde7a5dd90 .concat [ 4 28 0 0], v0x5ebde7a382c0_0, L_0x733d99557210;
L_0x5ebde7a5df30 .arith/sub 32, L_0x5ebde7a5dd90, L_0x733d99557258;
L_0x5ebde7a5e070 .functor MUXZ 10, L_0x5ebde7a5dcf0, L_0x733d995571c8, L_0x5ebde7a5dbb0, C4<>;
S_0x5ebde7a38530 .scope module, "RF0" "regfile" 5 73, 7 4 0, S_0x5ebde7a313f0;
 .timescale -9 -11;
    .port_info 0 /INPUT 1 "clk";
    .port_info 1 /INPUT 2 "s_we3";
    .port_info 2 /INPUT 4 "ra1";
    .port_info 3 /INPUT 4 "ra2";
    .port_info 4 /INPUT 4 "wa3";
    .port_info 5 /INPUT 16 "wd3";
    .port_info 6 /OUTPUT 16 "rd1";
    .port_info 7 /OUTPUT 16 "rd2";
    .port_info 8 /OUTPUT 16 "bus_data_out";
v0x5ebde7a387a0_0 .net *"_ivl_0", 31 0, L_0x5ebde7a5ece0;  1 drivers
v0x5ebde7a388a0_0 .net *"_ivl_10", 5 0, L_0x5ebde7a5efb0;  1 drivers
L_0x733d99557378 .functor BUFT 1, C4<00>, C4<0>, C4<0>, C4<0>;
v0x5ebde7a38980_0 .net *"_ivl_13", 1 0, L_0x733d99557378;  1 drivers
L_0x733d995573c0 .functor BUFT 1, C4<0000000000000000>, C4<0>, C4<0>, C4<0>;
v0x5ebde7a38a40_0 .net/2u *"_ivl_14", 15 0, L_0x733d995573c0;  1 drivers
v0x5ebde7a38b20_0 .net *"_ivl_18", 31 0, L_0x5ebde7a5f230;  1 drivers
L_0x733d99557408 .functor BUFT 1, C4<0000000000000000000000000000>, C4<0>, C4<0>, C4<0>;
v0x5ebde7a38c50_0 .net *"_ivl_21", 27 0, L_0x733d99557408;  1 drivers
L_0x733d99557450 .functor BUFT 1, C4<00000000000000000000000000000000>, C4<0>, C4<0>, C4<0>;
v0x5ebde7a38d30_0 .net/2u *"_ivl_22", 31 0, L_0x733d99557450;  1 drivers
v0x5ebde7a38e10_0 .net *"_ivl_24", 0 0, L_0x5ebde7a5f360;  1 drivers
v0x5ebde7a38ed0_0 .net *"_ivl_26", 15 0, L_0x5ebde7a5f4a0;  1 drivers
v0x5ebde7a38fb0_0 .net *"_ivl_28", 5 0, L_0x5ebde7a5f590;  1 drivers
L_0x733d995572e8 .functor BUFT 1, C4<0000000000000000000000000000>, C4<0>, C4<0>, C4<0>;
v0x5ebde7a39090_0 .net *"_ivl_3", 27 0, L_0x733d995572e8;  1 drivers
L_0x733d99557498 .functor BUFT 1, C4<00>, C4<0>, C4<0>, C4<0>;
v0x5ebde7a39170_0 .net *"_ivl_31", 1 0, L_0x733d99557498;  1 drivers
L_0x733d995574e0 .functor BUFT 1, C4<0000000000000000>, C4<0>, C4<0>, C4<0>;
v0x5ebde7a39250_0 .net/2u *"_ivl_32", 15 0, L_0x733d995574e0;  1 drivers
L_0x733d99557528 .functor BUFT 1, C4<10>, C4<0>, C4<0>, C4<0>;
v0x5ebde7a39330_0 .net/2u *"_ivl_36", 1 0, L_0x733d99557528;  1 drivers
v0x5ebde7a39410_0 .net *"_ivl_38", 0 0, L_0x5ebde7a5f9c0;  1 drivers
L_0x733d99557330 .functor BUFT 1, C4<00000000000000000000000000000000>, C4<0>, C4<0>, C4<0>;
v0x5ebde7a394d0_0 .net/2u *"_ivl_4", 31 0, L_0x733d99557330;  1 drivers
L_0x733d99557570 .functor BUFT 1, C4<0000>, C4<0>, C4<0>, C4<0>;
v0x5ebde7a395b0_0 .net/2u *"_ivl_40", 3 0, L_0x733d99557570;  1 drivers
v0x5ebde7a39690_0 .net *"_ivl_42", 0 0, L_0x5ebde7a5fab0;  1 drivers
L_0x733d995575b8 .functor BUFT 1, C4<0000000000000000>, C4<0>, C4<0>, C4<0>;
v0x5ebde7a39750_0 .net/2u *"_ivl_44", 15 0, L_0x733d995575b8;  1 drivers
v0x5ebde7a39830_0 .net *"_ivl_46", 15 0, L_0x5ebde7a5fc10;  1 drivers
v0x5ebde7a39910_0 .net *"_ivl_48", 5 0, L_0x5ebde7a5fcb0;  1 drivers
L_0x733d99557600 .functor BUFT 1, C4<00>, C4<0>, C4<0>, C4<0>;
v0x5ebde7a399f0_0 .net *"_ivl_51", 1 0, L_0x733d99557600;  1 drivers
v0x5ebde7a39ad0_0 .net *"_ivl_52", 15 0, L_0x5ebde7a5fe20;  1 drivers
o0x733d995a1bd8 .functor BUFZ 16, C4<zzzzzzzzzzzzzzzz>; HiZ drive
; Elide local net with no drivers, v0x5ebde7a39bb0_0 name=_ivl_54
v0x5ebde7a39c90_0 .net *"_ivl_6", 0 0, L_0x5ebde7a5edd0;  1 drivers
v0x5ebde7a39d50_0 .net *"_ivl_8", 15 0, L_0x5ebde7a5ef10;  1 drivers
v0x5ebde7a39e30_0 .net "bus_data_out", 15 0, L_0x5ebde7a5ffb0;  alias, 1 drivers
v0x5ebde7a39f10_0 .net "clk", 0 0, v0x5ebde7a4cd40_0;  alias, 1 drivers
v0x5ebde7a39fb0_0 .net "ra1", 3 0, L_0x5ebde7a5e820;  alias, 1 drivers
v0x5ebde7a3a090_0 .net "ra2", 3 0, L_0x5ebde7a5e8c0;  alias, 1 drivers
v0x5ebde7a3a170_0 .net "rd1", 15 0, L_0x5ebde7a5f0a0;  alias, 1 drivers
v0x5ebde7a3a230_0 .net "rd2", 15 0, L_0x5ebde7a5f820;  alias, 1 drivers
v0x5ebde7a3a300 .array "regb", 15 0, 15 0;
v0x5ebde7a3a3a0_0 .net "s_we3", 1 0, v0x5ebde7a3e390_0;  alias, 1 drivers
v0x5ebde7a3a480_0 .net "wa3", 3 0, L_0x5ebde7a5e780;  alias, 1 drivers
v0x5ebde7a3a560_0 .net "wd3", 15 0, L_0x5ebde7a61100;  alias, 1 drivers
L_0x5ebde7a5ece0 .concat [ 4 28 0 0], L_0x5ebde7a5e820, L_0x733d995572e8;
L_0x5ebde7a5edd0 .cmp/ne 32, L_0x5ebde7a5ece0, L_0x733d99557330;
L_0x5ebde7a5ef10 .array/port v0x5ebde7a3a300, L_0x5ebde7a5efb0;
L_0x5ebde7a5efb0 .concat [ 4 2 0 0], L_0x5ebde7a5e820, L_0x733d99557378;
L_0x5ebde7a5f0a0 .functor MUXZ 16, L_0x733d995573c0, L_0x5ebde7a5ef10, L_0x5ebde7a5edd0, C4<>;
L_0x5ebde7a5f230 .concat [ 4 28 0 0], L_0x5ebde7a5e8c0, L_0x733d99557408;
L_0x5ebde7a5f360 .cmp/ne 32, L_0x5ebde7a5f230, L_0x733d99557450;
L_0x5ebde7a5f4a0 .array/port v0x5ebde7a3a300, L_0x5ebde7a5f590;
L_0x5ebde7a5f590 .concat [ 4 2 0 0], L_0x5ebde7a5e8c0, L_0x733d99557498;
L_0x5ebde7a5f820 .functor MUXZ 16, L_0x733d995574e0, L_0x5ebde7a5f4a0, L_0x5ebde7a5f360, C4<>;
L_0x5ebde7a5f9c0 .cmp/eq 2, v0x5ebde7a3e390_0, L_0x733d99557528;
L_0x5ebde7a5fab0 .cmp/eq 4, L_0x5ebde7a5e780, L_0x733d99557570;
L_0x5ebde7a5fc10 .array/port v0x5ebde7a3a300, L_0x5ebde7a5fcb0;
L_0x5ebde7a5fcb0 .concat [ 4 2 0 0], L_0x5ebde7a5e780, L_0x733d99557600;
L_0x5ebde7a5fe20 .functor MUXZ 16, L_0x5ebde7a5fc10, L_0x733d995575b8, L_0x5ebde7a5fab0, C4<>;
L_0x5ebde7a5ffb0 .functor MUXZ 16, o0x733d995a1bd8, L_0x5ebde7a5fe20, L_0x5ebde7a5f9c0, C4<>;
S_0x5ebde7a3a750 .scope module, "SUM1" "sum" 5 29, 7 35 0, S_0x5ebde7a313f0;
 .timescale -9 -11;
    .port_info 0 /INPUT 10 "a";
    .port_info 1 /INPUT 10 "b";
    .port_info 2 /OUTPUT 10 "y";
v0x5ebde7a3a950_0 .net "a", 9 0, v0x5ebde7a371f0_0;  alias, 1 drivers
L_0x733d995570a8 .functor BUFT 1, C4<0000000001>, C4<0>, C4<0>, C4<0>;
v0x5ebde7a3aa30_0 .net "b", 9 0, L_0x733d995570a8;  1 drivers
v0x5ebde7a3ab10_0 .net "y", 9 0, L_0x5ebde7a4d650;  alias, 1 drivers
L_0x5ebde7a4d650 .arith/sum 10, v0x5ebde7a371f0_0, L_0x733d995570a8;
S_0x5ebde7a3d490 .scope module, "UC" "uc" 4 20, 9 1 0, S_0x5ebde7a31190;
 .timescale -9 -11;
    .port_info 0 /INPUT 6 "opcode";
    .port_info 1 /INPUT 1 "z";
    .port_info 2 /INPUT 1 "ie";
    .port_info 3 /INPUT 1 "irq_in";
    .port_info 4 /OUTPUT 1 "s_inc";
    .port_info 5 /OUTPUT 1 "wez";
    .port_info 6 /OUTPUT 1 "s_jp";
    .port_info 7 /OUTPUT 1 "s_irq";
    .port_info 8 /OUTPUT 2 "s_alu_imm";
    .port_info 9 /OUTPUT 3 "op_alu";
    .port_info 10 /OUTPUT 2 "s_wd3";
    .port_info 11 /OUTPUT 2 "s_we3";
    .port_info 12 /OUTPUT 2 "s_bat";
    .port_info 13 /OUTPUT 2 "bus_control";
    .port_info 14 /OUTPUT 2 "s_int";
    .port_info 15 /OUTPUT 1 "irq_ack";
v0x5ebde7a05240_0 .var "bus_control", 1 0;
v0x5ebde7a3d8b0_0 .net "ie", 0 0, v0x5ebde7a320e0_0;  alias, 1 drivers
v0x5ebde7a3d9c0_0 .var "irq_ack", 0 0;
v0x5ebde7a3da60_0 .net "irq_in", 0 0, v0x5ebde7a4a3e0_0;  alias, 1 drivers
v0x5ebde7a3db00_0 .var "op_alu", 2 0;
v0x5ebde7a3dc60_0 .net "opcode", 5 0, L_0x5ebde7a5e650;  alias, 1 drivers
v0x5ebde7a3dd20_0 .var "s_alu_imm", 1 0;
v0x5ebde7a3de10_0 .var "s_bat", 1 0;
v0x5ebde7a3df20_0 .var "s_inc", 0 0;
v0x5ebde7a3e050_0 .var "s_int", 1 0;
v0x5ebde7a3e110_0 .var "s_irq", 0 0;
v0x5ebde7a3e1b0_0 .var "s_jp", 0 0;
v0x5ebde7a3e2a0_0 .var "s_wd3", 1 0;
v0x5ebde7a3e390_0 .var "s_we3", 1 0;
v0x5ebde7a3e4a0_0 .var "wez", 0 0;
v0x5ebde7a3e590_0 .net "z", 0 0, v0x5ebde7a327e0_0;  alias, 1 drivers
E_0x5ebde7a24a10 .event anyedge, v0x5ebde7a320e0_0, v0x5ebde7a3da60_0, v0x5ebde7a3bd30_0, v0x5ebde7a327e0_0;
S_0x5ebde7a3fd50 .scope module, "DECODER" "addr_decoder" 3 28, 10 46 0, S_0x5ebde7a30f00;
 .timescale -9 -11;
    .port_info 0 /INPUT 16 "bus_dir";
    .port_info 1 /OUTPUT 1 "cs_mem";
    .port_info 2 /OUTPUT 1 "cs_sw";
    .port_info 3 /OUTPUT 1 "cs_key";
    .port_info 4 /OUTPUT 1 "cs_ledr";
    .port_info 5 /OUTPUT 1 "cs_ledg";
    .port_info 6 /OUTPUT 1 "cs_hex01";
    .port_info 7 /OUTPUT 1 "cs_hex23";
    .port_info 8 /OUTPUT 1 "cs_timer_top";
    .port_info 9 /OUTPUT 1 "cs_timer_cnt";
v0x5ebde7a40000_0 .net *"_ivl_1", 5 0, L_0x5ebde7a61790;  1 drivers
L_0x733d99557918 .functor BUFT 1, C4<0000010000000001>, C4<0>, C4<0>, C4<0>;
v0x5ebde7a400e0_0 .net/2u *"_ivl_10", 15 0, L_0x733d99557918;  1 drivers
L_0x733d99557960 .functor BUFT 1, C4<0000010000000010>, C4<0>, C4<0>, C4<0>;
v0x5ebde7a401c0_0 .net/2u *"_ivl_14", 15 0, L_0x733d99557960;  1 drivers
L_0x733d995579a8 .functor BUFT 1, C4<0000010000000011>, C4<0>, C4<0>, C4<0>;
v0x5ebde7a40280_0 .net/2u *"_ivl_18", 15 0, L_0x733d995579a8;  1 drivers
L_0x733d99557888 .functor BUFT 1, C4<000000>, C4<0>, C4<0>, C4<0>;
v0x5ebde7a40360_0 .net/2u *"_ivl_2", 5 0, L_0x733d99557888;  1 drivers
L_0x733d995579f0 .functor BUFT 1, C4<0000010000000100>, C4<0>, C4<0>, C4<0>;
v0x5ebde7a40490_0 .net/2u *"_ivl_22", 15 0, L_0x733d995579f0;  1 drivers
L_0x733d99557a38 .functor BUFT 1, C4<0000010000000101>, C4<0>, C4<0>, C4<0>;
v0x5ebde7a40570_0 .net/2u *"_ivl_26", 15 0, L_0x733d99557a38;  1 drivers
L_0x733d99557a80 .functor BUFT 1, C4<0000010000000110>, C4<0>, C4<0>, C4<0>;
v0x5ebde7a40650_0 .net/2u *"_ivl_30", 15 0, L_0x733d99557a80;  1 drivers
L_0x733d99557ac8 .functor BUFT 1, C4<0000010000000111>, C4<0>, C4<0>, C4<0>;
v0x5ebde7a40730_0 .net/2u *"_ivl_34", 15 0, L_0x733d99557ac8;  1 drivers
L_0x733d995578d0 .functor BUFT 1, C4<0000010000000000>, C4<0>, C4<0>, C4<0>;
v0x5ebde7a408a0_0 .net/2u *"_ivl_6", 15 0, L_0x733d995578d0;  1 drivers
v0x5ebde7a40980_0 .net "bus_dir", 15 0, L_0x5ebde7a60a80;  alias, 1 drivers
v0x5ebde7a40a40_0 .net "cs_hex01", 0 0, L_0x5ebde7a61fd0;  alias, 1 drivers
v0x5ebde7a40b00_0 .net "cs_hex23", 0 0, L_0x5ebde7a620c0;  alias, 1 drivers
v0x5ebde7a40bc0_0 .net "cs_key", 0 0, L_0x5ebde7a61c70;  alias, 1 drivers
v0x5ebde7a40c80_0 .net "cs_ledg", 0 0, L_0x5ebde7a61ea0;  alias, 1 drivers
v0x5ebde7a40d40_0 .net "cs_ledr", 0 0, L_0x5ebde7a61d60;  alias, 1 drivers
v0x5ebde7a40e00_0 .net "cs_mem", 0 0, L_0x5ebde7a61830;  alias, 1 drivers
v0x5ebde7a40fd0_0 .net "cs_sw", 0 0, L_0x5ebde7a61970;  alias, 1 drivers
v0x5ebde7a41090_0 .net "cs_timer_cnt", 0 0, L_0x5ebde7a622f0;  alias, 1 drivers
v0x5ebde7a41150_0 .net "cs_timer_top", 0 0, L_0x5ebde7a62200;  alias, 1 drivers
L_0x5ebde7a61790 .part L_0x5ebde7a60a80, 10, 6;
L_0x5ebde7a61830 .cmp/eq 6, L_0x5ebde7a61790, L_0x733d99557888;
L_0x5ebde7a61970 .cmp/eq 16, L_0x5ebde7a60a80, L_0x733d995578d0;
L_0x5ebde7a61c70 .cmp/eq 16, L_0x5ebde7a60a80, L_0x733d99557918;
L_0x5ebde7a61d60 .cmp/eq 16, L_0x5ebde7a60a80, L_0x733d99557960;
L_0x5ebde7a61ea0 .cmp/eq 16, L_0x5ebde7a60a80, L_0x733d995579a8;
L_0x5ebde7a61fd0 .cmp/eq 16, L_0x5ebde7a60a80, L_0x733d995579f0;
L_0x5ebde7a620c0 .cmp/eq 16, L_0x5ebde7a60a80, L_0x733d99557a38;
L_0x5ebde7a62200 .cmp/eq 16, L_0x5ebde7a60a80, L_0x733d99557a80;
L_0x5ebde7a622f0 .cmp/eq 16, L_0x5ebde7a60a80, L_0x733d99557ac8;
S_0x5ebde7a413b0 .scope module, "H0" "hexdec" 3 54, 11 1 0, S_0x5ebde7a30f00;
 .timescale -9 -11;
    .port_info 0 /INPUT 4 "hex";
    .port_info 1 /OUTPUT 7 "dec";
v0x5ebde7a41650_0 .var "dec", 6 0;
v0x5ebde7a41750_0 .net "hex", 3 0, L_0x5ebde7a631b0;  1 drivers
E_0x5ebde7a415d0 .event anyedge, v0x5ebde7a41750_0;
S_0x5ebde7a41890 .scope module, "H1" "hexdec" 3 54, 11 1 0, S_0x5ebde7a30f00;
 .timescale -9 -11;
    .port_info 0 /INPUT 4 "hex";
    .port_info 1 /OUTPUT 7 "dec";
v0x5ebde7a41b30_0 .var "dec", 6 0;
v0x5ebde7a41c30_0 .net "hex", 3 0, L_0x5ebde7a632a0;  1 drivers
E_0x5ebde7a41ab0 .event anyedge, v0x5ebde7a41c30_0;
S_0x5ebde7a41d70 .scope module, "H2" "hexdec" 3 55, 11 1 0, S_0x5ebde7a30f00;
 .timescale -9 -11;
    .port_info 0 /INPUT 4 "hex";
    .port_info 1 /OUTPUT 7 "dec";
v0x5ebde7a42060_0 .var "dec", 6 0;
v0x5ebde7a42160_0 .net "hex", 3 0, L_0x5ebde7a63380;  1 drivers
E_0x5ebde7a41fe0 .event anyedge, v0x5ebde7a42160_0;
S_0x5ebde7a422a0 .scope module, "H3" "hexdec" 3 55, 11 1 0, S_0x5ebde7a30f00;
 .timescale -9 -11;
    .port_info 0 /INPUT 4 "hex";
    .port_info 1 /OUTPUT 7 "dec";
v0x5ebde7a42540_0 .var "dec", 6 0;
v0x5ebde7a42640_0 .net "hex", 3 0, L_0x5ebde7a63470;  1 drivers
E_0x5ebde7a424c0 .event anyedge, v0x5ebde7a42640_0;
S_0x5ebde7a42780 .scope module, "MEMD" "memdata" 3 33, 10 1 0, S_0x5ebde7a30f00;
 .timescale -9 -11;
    .port_info 0 /INPUT 1 "clk";
    .port_info 1 /INPUT 1 "cs";
    .port_info 2 /INPUT 2 "ctrl";
    .port_info 3 /INPUT 10 "addr";
    .port_info 4 /INOUT 16 "data_bus";
L_0x5ebde7a624e0 .functor AND 1, L_0x5ebde7a61830, L_0x5ebde7a62440, C4<1>, C4<1>;
L_0x733d99557b10 .functor BUFT 1, C4<01>, C4<0>, C4<0>, C4<0>;
v0x5ebde7a431c0_0 .net/2u *"_ivl_0", 1 0, L_0x733d99557b10;  1 drivers
v0x5ebde7a43260_0 .net *"_ivl_2", 0 0, L_0x5ebde7a62440;  1 drivers
v0x5ebde7a43340_0 .net *"_ivl_5", 0 0, L_0x5ebde7a624e0;  1 drivers
o0x733d995a33a8 .functor BUFZ 16, C4<zzzzzzzzzzzzzzzz>; HiZ drive
; Elide local net with no drivers, v0x5ebde7a433e0_0 name=_ivl_6
v0x5ebde7a434c0_0 .net "addr", 9 0, L_0x5ebde7a62640;  1 drivers
v0x5ebde7a435f0_0 .net "clk", 0 0, v0x5ebde7a4cd40_0;  alias, 1 drivers
v0x5ebde7a437a0_0 .net "cs", 0 0, L_0x5ebde7a61830;  alias, 1 drivers
v0x5ebde7a43840_0 .net "ctrl", 1 0, v0x5ebde7a05240_0;  alias, 1 drivers
v0x5ebde7a43930_0 .net8 "data_bus", 15 0, RS_0x733d995a28f8;  alias, 5 drivers
v0x5ebde7a439f0_0 .var "data_out", 15 0;
v0x5ebde7a43ab0_0 .var/i "i", 31 0;
v0x5ebde7a43b90 .array "mem", 255 0, 15 0;
v0x5ebde7a43b90_0 .array/port v0x5ebde7a43b90, 0;
E_0x5ebde7a42960/0 .event anyedge, v0x5ebde7a40e00_0, v0x5ebde7a05240_0, v0x5ebde7a434c0_0, v0x5ebde7a43b90_0;
v0x5ebde7a43b90_1 .array/port v0x5ebde7a43b90, 1;
v0x5ebde7a43b90_2 .array/port v0x5ebde7a43b90, 2;
v0x5ebde7a43b90_3 .array/port v0x5ebde7a43b90, 3;
v0x5ebde7a43b90_4 .array/port v0x5ebde7a43b90, 4;
E_0x5ebde7a42960/1 .event anyedge, v0x5ebde7a43b90_1, v0x5ebde7a43b90_2, v0x5ebde7a43b90_3, v0x5ebde7a43b90_4;
v0x5ebde7a43b90_5 .array/port v0x5ebde7a43b90, 5;
v0x5ebde7a43b90_6 .array/port v0x5ebde7a43b90, 6;
v0x5ebde7a43b90_7 .array/port v0x5ebde7a43b90, 7;
v0x5ebde7a43b90_8 .array/port v0x5ebde7a43b90, 8;
E_0x5ebde7a42960/2 .event anyedge, v0x5ebde7a43b90_5, v0x5ebde7a43b90_6, v0x5ebde7a43b90_7, v0x5ebde7a43b90_8;
v0x5ebde7a43b90_9 .array/port v0x5ebde7a43b90, 9;
v0x5ebde7a43b90_10 .array/port v0x5ebde7a43b90, 10;
v0x5ebde7a43b90_11 .array/port v0x5ebde7a43b90, 11;
v0x5ebde7a43b90_12 .array/port v0x5ebde7a43b90, 12;
E_0x5ebde7a42960/3 .event anyedge, v0x5ebde7a43b90_9, v0x5ebde7a43b90_10, v0x5ebde7a43b90_11, v0x5ebde7a43b90_12;
v0x5ebde7a43b90_13 .array/port v0x5ebde7a43b90, 13;
v0x5ebde7a43b90_14 .array/port v0x5ebde7a43b90, 14;
v0x5ebde7a43b90_15 .array/port v0x5ebde7a43b90, 15;
v0x5ebde7a43b90_16 .array/port v0x5ebde7a43b90, 16;
E_0x5ebde7a42960/4 .event anyedge, v0x5ebde7a43b90_13, v0x5ebde7a43b90_14, v0x5ebde7a43b90_15, v0x5ebde7a43b90_16;
v0x5ebde7a43b90_17 .array/port v0x5ebde7a43b90, 17;
v0x5ebde7a43b90_18 .array/port v0x5ebde7a43b90, 18;
v0x5ebde7a43b90_19 .array/port v0x5ebde7a43b90, 19;
v0x5ebde7a43b90_20 .array/port v0x5ebde7a43b90, 20;
E_0x5ebde7a42960/5 .event anyedge, v0x5ebde7a43b90_17, v0x5ebde7a43b90_18, v0x5ebde7a43b90_19, v0x5ebde7a43b90_20;
v0x5ebde7a43b90_21 .array/port v0x5ebde7a43b90, 21;
v0x5ebde7a43b90_22 .array/port v0x5ebde7a43b90, 22;
v0x5ebde7a43b90_23 .array/port v0x5ebde7a43b90, 23;
v0x5ebde7a43b90_24 .array/port v0x5ebde7a43b90, 24;
E_0x5ebde7a42960/6 .event anyedge, v0x5ebde7a43b90_21, v0x5ebde7a43b90_22, v0x5ebde7a43b90_23, v0x5ebde7a43b90_24;
v0x5ebde7a43b90_25 .array/port v0x5ebde7a43b90, 25;
v0x5ebde7a43b90_26 .array/port v0x5ebde7a43b90, 26;
v0x5ebde7a43b90_27 .array/port v0x5ebde7a43b90, 27;
v0x5ebde7a43b90_28 .array/port v0x5ebde7a43b90, 28;
E_0x5ebde7a42960/7 .event anyedge, v0x5ebde7a43b90_25, v0x5ebde7a43b90_26, v0x5ebde7a43b90_27, v0x5ebde7a43b90_28;
v0x5ebde7a43b90_29 .array/port v0x5ebde7a43b90, 29;
v0x5ebde7a43b90_30 .array/port v0x5ebde7a43b90, 30;
v0x5ebde7a43b90_31 .array/port v0x5ebde7a43b90, 31;
v0x5ebde7a43b90_32 .array/port v0x5ebde7a43b90, 32;
E_0x5ebde7a42960/8 .event anyedge, v0x5ebde7a43b90_29, v0x5ebde7a43b90_30, v0x5ebde7a43b90_31, v0x5ebde7a43b90_32;
v0x5ebde7a43b90_33 .array/port v0x5ebde7a43b90, 33;
v0x5ebde7a43b90_34 .array/port v0x5ebde7a43b90, 34;
v0x5ebde7a43b90_35 .array/port v0x5ebde7a43b90, 35;
v0x5ebde7a43b90_36 .array/port v0x5ebde7a43b90, 36;
E_0x5ebde7a42960/9 .event anyedge, v0x5ebde7a43b90_33, v0x5ebde7a43b90_34, v0x5ebde7a43b90_35, v0x5ebde7a43b90_36;
v0x5ebde7a43b90_37 .array/port v0x5ebde7a43b90, 37;
v0x5ebde7a43b90_38 .array/port v0x5ebde7a43b90, 38;
v0x5ebde7a43b90_39 .array/port v0x5ebde7a43b90, 39;
v0x5ebde7a43b90_40 .array/port v0x5ebde7a43b90, 40;
E_0x5ebde7a42960/10 .event anyedge, v0x5ebde7a43b90_37, v0x5ebde7a43b90_38, v0x5ebde7a43b90_39, v0x5ebde7a43b90_40;
v0x5ebde7a43b90_41 .array/port v0x5ebde7a43b90, 41;
v0x5ebde7a43b90_42 .array/port v0x5ebde7a43b90, 42;
v0x5ebde7a43b90_43 .array/port v0x5ebde7a43b90, 43;
v0x5ebde7a43b90_44 .array/port v0x5ebde7a43b90, 44;
E_0x5ebde7a42960/11 .event anyedge, v0x5ebde7a43b90_41, v0x5ebde7a43b90_42, v0x5ebde7a43b90_43, v0x5ebde7a43b90_44;
v0x5ebde7a43b90_45 .array/port v0x5ebde7a43b90, 45;
v0x5ebde7a43b90_46 .array/port v0x5ebde7a43b90, 46;
v0x5ebde7a43b90_47 .array/port v0x5ebde7a43b90, 47;
v0x5ebde7a43b90_48 .array/port v0x5ebde7a43b90, 48;
E_0x5ebde7a42960/12 .event anyedge, v0x5ebde7a43b90_45, v0x5ebde7a43b90_46, v0x5ebde7a43b90_47, v0x5ebde7a43b90_48;
v0x5ebde7a43b90_49 .array/port v0x5ebde7a43b90, 49;
v0x5ebde7a43b90_50 .array/port v0x5ebde7a43b90, 50;
v0x5ebde7a43b90_51 .array/port v0x5ebde7a43b90, 51;
v0x5ebde7a43b90_52 .array/port v0x5ebde7a43b90, 52;
E_0x5ebde7a42960/13 .event anyedge, v0x5ebde7a43b90_49, v0x5ebde7a43b90_50, v0x5ebde7a43b90_51, v0x5ebde7a43b90_52;
v0x5ebde7a43b90_53 .array/port v0x5ebde7a43b90, 53;
v0x5ebde7a43b90_54 .array/port v0x5ebde7a43b90, 54;
v0x5ebde7a43b90_55 .array/port v0x5ebde7a43b90, 55;
v0x5ebde7a43b90_56 .array/port v0x5ebde7a43b90, 56;
E_0x5ebde7a42960/14 .event anyedge, v0x5ebde7a43b90_53, v0x5ebde7a43b90_54, v0x5ebde7a43b90_55, v0x5ebde7a43b90_56;
v0x5ebde7a43b90_57 .array/port v0x5ebde7a43b90, 57;
v0x5ebde7a43b90_58 .array/port v0x5ebde7a43b90, 58;
v0x5ebde7a43b90_59 .array/port v0x5ebde7a43b90, 59;
v0x5ebde7a43b90_60 .array/port v0x5ebde7a43b90, 60;
E_0x5ebde7a42960/15 .event anyedge, v0x5ebde7a43b90_57, v0x5ebde7a43b90_58, v0x5ebde7a43b90_59, v0x5ebde7a43b90_60;
v0x5ebde7a43b90_61 .array/port v0x5ebde7a43b90, 61;
v0x5ebde7a43b90_62 .array/port v0x5ebde7a43b90, 62;
v0x5ebde7a43b90_63 .array/port v0x5ebde7a43b90, 63;
v0x5ebde7a43b90_64 .array/port v0x5ebde7a43b90, 64;
E_0x5ebde7a42960/16 .event anyedge, v0x5ebde7a43b90_61, v0x5ebde7a43b90_62, v0x5ebde7a43b90_63, v0x5ebde7a43b90_64;
v0x5ebde7a43b90_65 .array/port v0x5ebde7a43b90, 65;
v0x5ebde7a43b90_66 .array/port v0x5ebde7a43b90, 66;
v0x5ebde7a43b90_67 .array/port v0x5ebde7a43b90, 67;
v0x5ebde7a43b90_68 .array/port v0x5ebde7a43b90, 68;
E_0x5ebde7a42960/17 .event anyedge, v0x5ebde7a43b90_65, v0x5ebde7a43b90_66, v0x5ebde7a43b90_67, v0x5ebde7a43b90_68;
v0x5ebde7a43b90_69 .array/port v0x5ebde7a43b90, 69;
v0x5ebde7a43b90_70 .array/port v0x5ebde7a43b90, 70;
v0x5ebde7a43b90_71 .array/port v0x5ebde7a43b90, 71;
v0x5ebde7a43b90_72 .array/port v0x5ebde7a43b90, 72;
E_0x5ebde7a42960/18 .event anyedge, v0x5ebde7a43b90_69, v0x5ebde7a43b90_70, v0x5ebde7a43b90_71, v0x5ebde7a43b90_72;
v0x5ebde7a43b90_73 .array/port v0x5ebde7a43b90, 73;
v0x5ebde7a43b90_74 .array/port v0x5ebde7a43b90, 74;
v0x5ebde7a43b90_75 .array/port v0x5ebde7a43b90, 75;
v0x5ebde7a43b90_76 .array/port v0x5ebde7a43b90, 76;
E_0x5ebde7a42960/19 .event anyedge, v0x5ebde7a43b90_73, v0x5ebde7a43b90_74, v0x5ebde7a43b90_75, v0x5ebde7a43b90_76;
v0x5ebde7a43b90_77 .array/port v0x5ebde7a43b90, 77;
v0x5ebde7a43b90_78 .array/port v0x5ebde7a43b90, 78;
v0x5ebde7a43b90_79 .array/port v0x5ebde7a43b90, 79;
v0x5ebde7a43b90_80 .array/port v0x5ebde7a43b90, 80;
E_0x5ebde7a42960/20 .event anyedge, v0x5ebde7a43b90_77, v0x5ebde7a43b90_78, v0x5ebde7a43b90_79, v0x5ebde7a43b90_80;
v0x5ebde7a43b90_81 .array/port v0x5ebde7a43b90, 81;
v0x5ebde7a43b90_82 .array/port v0x5ebde7a43b90, 82;
v0x5ebde7a43b90_83 .array/port v0x5ebde7a43b90, 83;
v0x5ebde7a43b90_84 .array/port v0x5ebde7a43b90, 84;
E_0x5ebde7a42960/21 .event anyedge, v0x5ebde7a43b90_81, v0x5ebde7a43b90_82, v0x5ebde7a43b90_83, v0x5ebde7a43b90_84;
v0x5ebde7a43b90_85 .array/port v0x5ebde7a43b90, 85;
v0x5ebde7a43b90_86 .array/port v0x5ebde7a43b90, 86;
v0x5ebde7a43b90_87 .array/port v0x5ebde7a43b90, 87;
v0x5ebde7a43b90_88 .array/port v0x5ebde7a43b90, 88;
E_0x5ebde7a42960/22 .event anyedge, v0x5ebde7a43b90_85, v0x5ebde7a43b90_86, v0x5ebde7a43b90_87, v0x5ebde7a43b90_88;
v0x5ebde7a43b90_89 .array/port v0x5ebde7a43b90, 89;
v0x5ebde7a43b90_90 .array/port v0x5ebde7a43b90, 90;
v0x5ebde7a43b90_91 .array/port v0x5ebde7a43b90, 91;
v0x5ebde7a43b90_92 .array/port v0x5ebde7a43b90, 92;
E_0x5ebde7a42960/23 .event anyedge, v0x5ebde7a43b90_89, v0x5ebde7a43b90_90, v0x5ebde7a43b90_91, v0x5ebde7a43b90_92;
v0x5ebde7a43b90_93 .array/port v0x5ebde7a43b90, 93;
v0x5ebde7a43b90_94 .array/port v0x5ebde7a43b90, 94;
v0x5ebde7a43b90_95 .array/port v0x5ebde7a43b90, 95;
v0x5ebde7a43b90_96 .array/port v0x5ebde7a43b90, 96;
E_0x5ebde7a42960/24 .event anyedge, v0x5ebde7a43b90_93, v0x5ebde7a43b90_94, v0x5ebde7a43b90_95, v0x5ebde7a43b90_96;
v0x5ebde7a43b90_97 .array/port v0x5ebde7a43b90, 97;
v0x5ebde7a43b90_98 .array/port v0x5ebde7a43b90, 98;
v0x5ebde7a43b90_99 .array/port v0x5ebde7a43b90, 99;
v0x5ebde7a43b90_100 .array/port v0x5ebde7a43b90, 100;
E_0x5ebde7a42960/25 .event anyedge, v0x5ebde7a43b90_97, v0x5ebde7a43b90_98, v0x5ebde7a43b90_99, v0x5ebde7a43b90_100;
v0x5ebde7a43b90_101 .array/port v0x5ebde7a43b90, 101;
v0x5ebde7a43b90_102 .array/port v0x5ebde7a43b90, 102;
v0x5ebde7a43b90_103 .array/port v0x5ebde7a43b90, 103;
v0x5ebde7a43b90_104 .array/port v0x5ebde7a43b90, 104;
E_0x5ebde7a42960/26 .event anyedge, v0x5ebde7a43b90_101, v0x5ebde7a43b90_102, v0x5ebde7a43b90_103, v0x5ebde7a43b90_104;
v0x5ebde7a43b90_105 .array/port v0x5ebde7a43b90, 105;
v0x5ebde7a43b90_106 .array/port v0x5ebde7a43b90, 106;
v0x5ebde7a43b90_107 .array/port v0x5ebde7a43b90, 107;
v0x5ebde7a43b90_108 .array/port v0x5ebde7a43b90, 108;
E_0x5ebde7a42960/27 .event anyedge, v0x5ebde7a43b90_105, v0x5ebde7a43b90_106, v0x5ebde7a43b90_107, v0x5ebde7a43b90_108;
v0x5ebde7a43b90_109 .array/port v0x5ebde7a43b90, 109;
v0x5ebde7a43b90_110 .array/port v0x5ebde7a43b90, 110;
v0x5ebde7a43b90_111 .array/port v0x5ebde7a43b90, 111;
v0x5ebde7a43b90_112 .array/port v0x5ebde7a43b90, 112;
E_0x5ebde7a42960/28 .event anyedge, v0x5ebde7a43b90_109, v0x5ebde7a43b90_110, v0x5ebde7a43b90_111, v0x5ebde7a43b90_112;
v0x5ebde7a43b90_113 .array/port v0x5ebde7a43b90, 113;
v0x5ebde7a43b90_114 .array/port v0x5ebde7a43b90, 114;
v0x5ebde7a43b90_115 .array/port v0x5ebde7a43b90, 115;
v0x5ebde7a43b90_116 .array/port v0x5ebde7a43b90, 116;
E_0x5ebde7a42960/29 .event anyedge, v0x5ebde7a43b90_113, v0x5ebde7a43b90_114, v0x5ebde7a43b90_115, v0x5ebde7a43b90_116;
v0x5ebde7a43b90_117 .array/port v0x5ebde7a43b90, 117;
v0x5ebde7a43b90_118 .array/port v0x5ebde7a43b90, 118;
v0x5ebde7a43b90_119 .array/port v0x5ebde7a43b90, 119;
v0x5ebde7a43b90_120 .array/port v0x5ebde7a43b90, 120;
E_0x5ebde7a42960/30 .event anyedge, v0x5ebde7a43b90_117, v0x5ebde7a43b90_118, v0x5ebde7a43b90_119, v0x5ebde7a43b90_120;
v0x5ebde7a43b90_121 .array/port v0x5ebde7a43b90, 121;
v0x5ebde7a43b90_122 .array/port v0x5ebde7a43b90, 122;
v0x5ebde7a43b90_123 .array/port v0x5ebde7a43b90, 123;
v0x5ebde7a43b90_124 .array/port v0x5ebde7a43b90, 124;
E_0x5ebde7a42960/31 .event anyedge, v0x5ebde7a43b90_121, v0x5ebde7a43b90_122, v0x5ebde7a43b90_123, v0x5ebde7a43b90_124;
v0x5ebde7a43b90_125 .array/port v0x5ebde7a43b90, 125;
v0x5ebde7a43b90_126 .array/port v0x5ebde7a43b90, 126;
v0x5ebde7a43b90_127 .array/port v0x5ebde7a43b90, 127;
v0x5ebde7a43b90_128 .array/port v0x5ebde7a43b90, 128;
E_0x5ebde7a42960/32 .event anyedge, v0x5ebde7a43b90_125, v0x5ebde7a43b90_126, v0x5ebde7a43b90_127, v0x5ebde7a43b90_128;
v0x5ebde7a43b90_129 .array/port v0x5ebde7a43b90, 129;
v0x5ebde7a43b90_130 .array/port v0x5ebde7a43b90, 130;
v0x5ebde7a43b90_131 .array/port v0x5ebde7a43b90, 131;
v0x5ebde7a43b90_132 .array/port v0x5ebde7a43b90, 132;
E_0x5ebde7a42960/33 .event anyedge, v0x5ebde7a43b90_129, v0x5ebde7a43b90_130, v0x5ebde7a43b90_131, v0x5ebde7a43b90_132;
v0x5ebde7a43b90_133 .array/port v0x5ebde7a43b90, 133;
v0x5ebde7a43b90_134 .array/port v0x5ebde7a43b90, 134;
v0x5ebde7a43b90_135 .array/port v0x5ebde7a43b90, 135;
v0x5ebde7a43b90_136 .array/port v0x5ebde7a43b90, 136;
E_0x5ebde7a42960/34 .event anyedge, v0x5ebde7a43b90_133, v0x5ebde7a43b90_134, v0x5ebde7a43b90_135, v0x5ebde7a43b90_136;
v0x5ebde7a43b90_137 .array/port v0x5ebde7a43b90, 137;
v0x5ebde7a43b90_138 .array/port v0x5ebde7a43b90, 138;
v0x5ebde7a43b90_139 .array/port v0x5ebde7a43b90, 139;
v0x5ebde7a43b90_140 .array/port v0x5ebde7a43b90, 140;
E_0x5ebde7a42960/35 .event anyedge, v0x5ebde7a43b90_137, v0x5ebde7a43b90_138, v0x5ebde7a43b90_139, v0x5ebde7a43b90_140;
v0x5ebde7a43b90_141 .array/port v0x5ebde7a43b90, 141;
v0x5ebde7a43b90_142 .array/port v0x5ebde7a43b90, 142;
v0x5ebde7a43b90_143 .array/port v0x5ebde7a43b90, 143;
v0x5ebde7a43b90_144 .array/port v0x5ebde7a43b90, 144;
E_0x5ebde7a42960/36 .event anyedge, v0x5ebde7a43b90_141, v0x5ebde7a43b90_142, v0x5ebde7a43b90_143, v0x5ebde7a43b90_144;
v0x5ebde7a43b90_145 .array/port v0x5ebde7a43b90, 145;
v0x5ebde7a43b90_146 .array/port v0x5ebde7a43b90, 146;
v0x5ebde7a43b90_147 .array/port v0x5ebde7a43b90, 147;
v0x5ebde7a43b90_148 .array/port v0x5ebde7a43b90, 148;
E_0x5ebde7a42960/37 .event anyedge, v0x5ebde7a43b90_145, v0x5ebde7a43b90_146, v0x5ebde7a43b90_147, v0x5ebde7a43b90_148;
v0x5ebde7a43b90_149 .array/port v0x5ebde7a43b90, 149;
v0x5ebde7a43b90_150 .array/port v0x5ebde7a43b90, 150;
v0x5ebde7a43b90_151 .array/port v0x5ebde7a43b90, 151;
v0x5ebde7a43b90_152 .array/port v0x5ebde7a43b90, 152;
E_0x5ebde7a42960/38 .event anyedge, v0x5ebde7a43b90_149, v0x5ebde7a43b90_150, v0x5ebde7a43b90_151, v0x5ebde7a43b90_152;
v0x5ebde7a43b90_153 .array/port v0x5ebde7a43b90, 153;
v0x5ebde7a43b90_154 .array/port v0x5ebde7a43b90, 154;
v0x5ebde7a43b90_155 .array/port v0x5ebde7a43b90, 155;
v0x5ebde7a43b90_156 .array/port v0x5ebde7a43b90, 156;
E_0x5ebde7a42960/39 .event anyedge, v0x5ebde7a43b90_153, v0x5ebde7a43b90_154, v0x5ebde7a43b90_155, v0x5ebde7a43b90_156;
v0x5ebde7a43b90_157 .array/port v0x5ebde7a43b90, 157;
v0x5ebde7a43b90_158 .array/port v0x5ebde7a43b90, 158;
v0x5ebde7a43b90_159 .array/port v0x5ebde7a43b90, 159;
v0x5ebde7a43b90_160 .array/port v0x5ebde7a43b90, 160;
E_0x5ebde7a42960/40 .event anyedge, v0x5ebde7a43b90_157, v0x5ebde7a43b90_158, v0x5ebde7a43b90_159, v0x5ebde7a43b90_160;
v0x5ebde7a43b90_161 .array/port v0x5ebde7a43b90, 161;
v0x5ebde7a43b90_162 .array/port v0x5ebde7a43b90, 162;
v0x5ebde7a43b90_163 .array/port v0x5ebde7a43b90, 163;
v0x5ebde7a43b90_164 .array/port v0x5ebde7a43b90, 164;
E_0x5ebde7a42960/41 .event anyedge, v0x5ebde7a43b90_161, v0x5ebde7a43b90_162, v0x5ebde7a43b90_163, v0x5ebde7a43b90_164;
v0x5ebde7a43b90_165 .array/port v0x5ebde7a43b90, 165;
v0x5ebde7a43b90_166 .array/port v0x5ebde7a43b90, 166;
v0x5ebde7a43b90_167 .array/port v0x5ebde7a43b90, 167;
v0x5ebde7a43b90_168 .array/port v0x5ebde7a43b90, 168;
E_0x5ebde7a42960/42 .event anyedge, v0x5ebde7a43b90_165, v0x5ebde7a43b90_166, v0x5ebde7a43b90_167, v0x5ebde7a43b90_168;
v0x5ebde7a43b90_169 .array/port v0x5ebde7a43b90, 169;
v0x5ebde7a43b90_170 .array/port v0x5ebde7a43b90, 170;
v0x5ebde7a43b90_171 .array/port v0x5ebde7a43b90, 171;
v0x5ebde7a43b90_172 .array/port v0x5ebde7a43b90, 172;
E_0x5ebde7a42960/43 .event anyedge, v0x5ebde7a43b90_169, v0x5ebde7a43b90_170, v0x5ebde7a43b90_171, v0x5ebde7a43b90_172;
v0x5ebde7a43b90_173 .array/port v0x5ebde7a43b90, 173;
v0x5ebde7a43b90_174 .array/port v0x5ebde7a43b90, 174;
v0x5ebde7a43b90_175 .array/port v0x5ebde7a43b90, 175;
v0x5ebde7a43b90_176 .array/port v0x5ebde7a43b90, 176;
E_0x5ebde7a42960/44 .event anyedge, v0x5ebde7a43b90_173, v0x5ebde7a43b90_174, v0x5ebde7a43b90_175, v0x5ebde7a43b90_176;
v0x5ebde7a43b90_177 .array/port v0x5ebde7a43b90, 177;
v0x5ebde7a43b90_178 .array/port v0x5ebde7a43b90, 178;
v0x5ebde7a43b90_179 .array/port v0x5ebde7a43b90, 179;
v0x5ebde7a43b90_180 .array/port v0x5ebde7a43b90, 180;
E_0x5ebde7a42960/45 .event anyedge, v0x5ebde7a43b90_177, v0x5ebde7a43b90_178, v0x5ebde7a43b90_179, v0x5ebde7a43b90_180;
v0x5ebde7a43b90_181 .array/port v0x5ebde7a43b90, 181;
v0x5ebde7a43b90_182 .array/port v0x5ebde7a43b90, 182;
v0x5ebde7a43b90_183 .array/port v0x5ebde7a43b90, 183;
v0x5ebde7a43b90_184 .array/port v0x5ebde7a43b90, 184;
E_0x5ebde7a42960/46 .event anyedge, v0x5ebde7a43b90_181, v0x5ebde7a43b90_182, v0x5ebde7a43b90_183, v0x5ebde7a43b90_184;
v0x5ebde7a43b90_185 .array/port v0x5ebde7a43b90, 185;
v0x5ebde7a43b90_186 .array/port v0x5ebde7a43b90, 186;
v0x5ebde7a43b90_187 .array/port v0x5ebde7a43b90, 187;
v0x5ebde7a43b90_188 .array/port v0x5ebde7a43b90, 188;
E_0x5ebde7a42960/47 .event anyedge, v0x5ebde7a43b90_185, v0x5ebde7a43b90_186, v0x5ebde7a43b90_187, v0x5ebde7a43b90_188;
v0x5ebde7a43b90_189 .array/port v0x5ebde7a43b90, 189;
v0x5ebde7a43b90_190 .array/port v0x5ebde7a43b90, 190;
v0x5ebde7a43b90_191 .array/port v0x5ebde7a43b90, 191;
v0x5ebde7a43b90_192 .array/port v0x5ebde7a43b90, 192;
E_0x5ebde7a42960/48 .event anyedge, v0x5ebde7a43b90_189, v0x5ebde7a43b90_190, v0x5ebde7a43b90_191, v0x5ebde7a43b90_192;
v0x5ebde7a43b90_193 .array/port v0x5ebde7a43b90, 193;
v0x5ebde7a43b90_194 .array/port v0x5ebde7a43b90, 194;
v0x5ebde7a43b90_195 .array/port v0x5ebde7a43b90, 195;
v0x5ebde7a43b90_196 .array/port v0x5ebde7a43b90, 196;
E_0x5ebde7a42960/49 .event anyedge, v0x5ebde7a43b90_193, v0x5ebde7a43b90_194, v0x5ebde7a43b90_195, v0x5ebde7a43b90_196;
v0x5ebde7a43b90_197 .array/port v0x5ebde7a43b90, 197;
v0x5ebde7a43b90_198 .array/port v0x5ebde7a43b90, 198;
v0x5ebde7a43b90_199 .array/port v0x5ebde7a43b90, 199;
v0x5ebde7a43b90_200 .array/port v0x5ebde7a43b90, 200;
E_0x5ebde7a42960/50 .event anyedge, v0x5ebde7a43b90_197, v0x5ebde7a43b90_198, v0x5ebde7a43b90_199, v0x5ebde7a43b90_200;
v0x5ebde7a43b90_201 .array/port v0x5ebde7a43b90, 201;
v0x5ebde7a43b90_202 .array/port v0x5ebde7a43b90, 202;
v0x5ebde7a43b90_203 .array/port v0x5ebde7a43b90, 203;
v0x5ebde7a43b90_204 .array/port v0x5ebde7a43b90, 204;
E_0x5ebde7a42960/51 .event anyedge, v0x5ebde7a43b90_201, v0x5ebde7a43b90_202, v0x5ebde7a43b90_203, v0x5ebde7a43b90_204;
v0x5ebde7a43b90_205 .array/port v0x5ebde7a43b90, 205;
v0x5ebde7a43b90_206 .array/port v0x5ebde7a43b90, 206;
v0x5ebde7a43b90_207 .array/port v0x5ebde7a43b90, 207;
v0x5ebde7a43b90_208 .array/port v0x5ebde7a43b90, 208;
E_0x5ebde7a42960/52 .event anyedge, v0x5ebde7a43b90_205, v0x5ebde7a43b90_206, v0x5ebde7a43b90_207, v0x5ebde7a43b90_208;
v0x5ebde7a43b90_209 .array/port v0x5ebde7a43b90, 209;
v0x5ebde7a43b90_210 .array/port v0x5ebde7a43b90, 210;
v0x5ebde7a43b90_211 .array/port v0x5ebde7a43b90, 211;
v0x5ebde7a43b90_212 .array/port v0x5ebde7a43b90, 212;
E_0x5ebde7a42960/53 .event anyedge, v0x5ebde7a43b90_209, v0x5ebde7a43b90_210, v0x5ebde7a43b90_211, v0x5ebde7a43b90_212;
v0x5ebde7a43b90_213 .array/port v0x5ebde7a43b90, 213;
v0x5ebde7a43b90_214 .array/port v0x5ebde7a43b90, 214;
v0x5ebde7a43b90_215 .array/port v0x5ebde7a43b90, 215;
v0x5ebde7a43b90_216 .array/port v0x5ebde7a43b90, 216;
E_0x5ebde7a42960/54 .event anyedge, v0x5ebde7a43b90_213, v0x5ebde7a43b90_214, v0x5ebde7a43b90_215, v0x5ebde7a43b90_216;
v0x5ebde7a43b90_217 .array/port v0x5ebde7a43b90, 217;
v0x5ebde7a43b90_218 .array/port v0x5ebde7a43b90, 218;
v0x5ebde7a43b90_219 .array/port v0x5ebde7a43b90, 219;
v0x5ebde7a43b90_220 .array/port v0x5ebde7a43b90, 220;
E_0x5ebde7a42960/55 .event anyedge, v0x5ebde7a43b90_217, v0x5ebde7a43b90_218, v0x5ebde7a43b90_219, v0x5ebde7a43b90_220;
v0x5ebde7a43b90_221 .array/port v0x5ebde7a43b90, 221;
v0x5ebde7a43b90_222 .array/port v0x5ebde7a43b90, 222;
v0x5ebde7a43b90_223 .array/port v0x5ebde7a43b90, 223;
v0x5ebde7a43b90_224 .array/port v0x5ebde7a43b90, 224;
E_0x5ebde7a42960/56 .event anyedge, v0x5ebde7a43b90_221, v0x5ebde7a43b90_222, v0x5ebde7a43b90_223, v0x5ebde7a43b90_224;
v0x5ebde7a43b90_225 .array/port v0x5ebde7a43b90, 225;
v0x5ebde7a43b90_226 .array/port v0x5ebde7a43b90, 226;
v0x5ebde7a43b90_227 .array/port v0x5ebde7a43b90, 227;
v0x5ebde7a43b90_228 .array/port v0x5ebde7a43b90, 228;
E_0x5ebde7a42960/57 .event anyedge, v0x5ebde7a43b90_225, v0x5ebde7a43b90_226, v0x5ebde7a43b90_227, v0x5ebde7a43b90_228;
v0x5ebde7a43b90_229 .array/port v0x5ebde7a43b90, 229;
v0x5ebde7a43b90_230 .array/port v0x5ebde7a43b90, 230;
v0x5ebde7a43b90_231 .array/port v0x5ebde7a43b90, 231;
v0x5ebde7a43b90_232 .array/port v0x5ebde7a43b90, 232;
E_0x5ebde7a42960/58 .event anyedge, v0x5ebde7a43b90_229, v0x5ebde7a43b90_230, v0x5ebde7a43b90_231, v0x5ebde7a43b90_232;
v0x5ebde7a43b90_233 .array/port v0x5ebde7a43b90, 233;
v0x5ebde7a43b90_234 .array/port v0x5ebde7a43b90, 234;
v0x5ebde7a43b90_235 .array/port v0x5ebde7a43b90, 235;
v0x5ebde7a43b90_236 .array/port v0x5ebde7a43b90, 236;
E_0x5ebde7a42960/59 .event anyedge, v0x5ebde7a43b90_233, v0x5ebde7a43b90_234, v0x5ebde7a43b90_235, v0x5ebde7a43b90_236;
v0x5ebde7a43b90_237 .array/port v0x5ebde7a43b90, 237;
v0x5ebde7a43b90_238 .array/port v0x5ebde7a43b90, 238;
v0x5ebde7a43b90_239 .array/port v0x5ebde7a43b90, 239;
v0x5ebde7a43b90_240 .array/port v0x5ebde7a43b90, 240;
E_0x5ebde7a42960/60 .event anyedge, v0x5ebde7a43b90_237, v0x5ebde7a43b90_238, v0x5ebde7a43b90_239, v0x5ebde7a43b90_240;
v0x5ebde7a43b90_241 .array/port v0x5ebde7a43b90, 241;
v0x5ebde7a43b90_242 .array/port v0x5ebde7a43b90, 242;
v0x5ebde7a43b90_243 .array/port v0x5ebde7a43b90, 243;
v0x5ebde7a43b90_244 .array/port v0x5ebde7a43b90, 244;
E_0x5ebde7a42960/61 .event anyedge, v0x5ebde7a43b90_241, v0x5ebde7a43b90_242, v0x5ebde7a43b90_243, v0x5ebde7a43b90_244;
v0x5ebde7a43b90_245 .array/port v0x5ebde7a43b90, 245;
v0x5ebde7a43b90_246 .array/port v0x5ebde7a43b90, 246;
v0x5ebde7a43b90_247 .array/port v0x5ebde7a43b90, 247;
v0x5ebde7a43b90_248 .array/port v0x5ebde7a43b90, 248;
E_0x5ebde7a42960/62 .event anyedge, v0x5ebde7a43b90_245, v0x5ebde7a43b90_246, v0x5ebde7a43b90_247, v0x5ebde7a43b90_248;
v0x5ebde7a43b90_249 .array/port v0x5ebde7a43b90, 249;
v0x5ebde7a43b90_250 .array/port v0x5ebde7a43b90, 250;
v0x5ebde7a43b90_251 .array/port v0x5ebde7a43b90, 251;
v0x5ebde7a43b90_252 .array/port v0x5ebde7a43b90, 252;
E_0x5ebde7a42960/63 .event anyedge, v0x5ebde7a43b90_249, v0x5ebde7a43b90_250, v0x5ebde7a43b90_251, v0x5ebde7a43b90_252;
v0x5ebde7a43b90_253 .array/port v0x5ebde7a43b90, 253;
v0x5ebde7a43b90_254 .array/port v0x5ebde7a43b90, 254;
v0x5ebde7a43b90_255 .array/port v0x5ebde7a43b90, 255;
E_0x5ebde7a42960/64 .event anyedge, v0x5ebde7a43b90_253, v0x5ebde7a43b90_254, v0x5ebde7a43b90_255;
E_0x5ebde7a42960 .event/or E_0x5ebde7a42960/0, E_0x5ebde7a42960/1, E_0x5ebde7a42960/2, E_0x5ebde7a42960/3, E_0x5ebde7a42960/4, E_0x5ebde7a42960/5, E_0x5ebde7a42960/6, E_0x5ebde7a42960/7, E_0x5ebde7a42960/8, E_0x5ebde7a42960/9, E_0x5ebde7a42960/10, E_0x5ebde7a42960/11, E_0x5ebde7a42960/12, E_0x5ebde7a42960/13, E_0x5ebde7a42960/14, E_0x5ebde7a42960/15, E_0x5ebde7a42960/16, E_0x5ebde7a42960/17, E_0x5ebde7a42960/18, E_0x5ebde7a42960/19, E_0x5ebde7a42960/20, E_0x5ebde7a42960/21, E_0x5ebde7a42960/22, E_0x5ebde7a42960/23, E_0x5ebde7a42960/24, E_0x5ebde7a42960/25, E_0x5ebde7a42960/26, E_0x5ebde7a42960/27, E_0x5ebde7a42960/28, E_0x5ebde7a42960/29, E_0x5ebde7a42960/30, E_0x5ebde7a42960/31, E_0x5ebde7a42960/32, E_0x5ebde7a42960/33, E_0x5ebde7a42960/34, E_0x5ebde7a42960/35, E_0x5ebde7a42960/36, E_0x5ebde7a42960/37, E_0x5ebde7a42960/38, E_0x5ebde7a42960/39, E_0x5ebde7a42960/40, E_0x5ebde7a42960/41, E_0x5ebde7a42960/42, E_0x5ebde7a42960/43, E_0x5ebde7a42960/44, E_0x5ebde7a42960/45, E_0x5ebde7a42960/46, E_0x5ebde7a42960/47, E_0x5ebde7a42960/48, E_0x5ebde7a42960/49, E_0x5ebde7a42960/50, E_0x5ebde7a42960/51, E_0x5ebde7a42960/52, E_0x5ebde7a42960/53, E_0x5ebde7a42960/54, E_0x5ebde7a42960/55, E_0x5ebde7a42960/56, E_0x5ebde7a42960/57, E_0x5ebde7a42960/58, E_0x5ebde7a42960/59, E_0x5ebde7a42960/60, E_0x5ebde7a42960/61, E_0x5ebde7a42960/62, E_0x5ebde7a42960/63, E_0x5ebde7a42960/64;
L_0x5ebde7a62440 .cmp/eq 2, v0x5ebde7a05240_0, L_0x733d99557b10;
L_0x5ebde7a62550 .functor MUXZ 16, o0x733d995a33a8, v0x5ebde7a439f0_0, L_0x5ebde7a624e0, C4<>;
S_0x5ebde7a46500 .scope module, "P_HEX01" "periferico_out" 3 47, 10 73 0, S_0x5ebde7a30f00;
 .timescale -9 -11;
    .port_info 0 /INPUT 1 "clk";
    .port_info 1 /INPUT 1 "reset";
    .port_info 2 /INPUT 1 "cs";
    .port_info 3 /INPUT 2 "ctrl";
    .port_info 4 /INPUT 16 "data_bus";
    .port_info 5 /OUTPUT 16 "valor_out";
P_0x5ebde7a46690 .param/l "WIDTH" 0 10 73, +C4<00000000000000000000000000010000>;
v0x5ebde7a46810_0 .net "clk", 0 0, v0x5ebde7a4cd40_0;  alias, 1 drivers
v0x5ebde7a468d0_0 .net "cs", 0 0, L_0x5ebde7a61fd0;  alias, 1 drivers
v0x5ebde7a46990_0 .net "ctrl", 1 0, v0x5ebde7a05240_0;  alias, 1 drivers
v0x5ebde7a46a30_0 .net8 "data_bus", 15 0, RS_0x733d995a28f8;  alias, 5 drivers
v0x5ebde7a46b20_0 .net "reset", 0 0, L_0x5ebde7a4d020;  alias, 1 drivers
v0x5ebde7a46c10_0 .var "valor_out", 15 0;
S_0x5ebde7a46dd0 .scope module, "P_HEX23" "periferico_out" 3 49, 10 73 0, S_0x5ebde7a30f00;
 .timescale -9 -11;
    .port_info 0 /INPUT 1 "clk";
    .port_info 1 /INPUT 1 "reset";
    .port_info 2 /INPUT 1 "cs";
    .port_info 3 /INPUT 2 "ctrl";
    .port_info 4 /INPUT 16 "data_bus";
    .port_info 5 /OUTPUT 16 "valor_out";
P_0x5ebde7a41f50 .param/l "WIDTH" 0 10 73, +C4<00000000000000000000000000010000>;
v0x5ebde7a47130_0 .net "clk", 0 0, v0x5ebde7a4cd40_0;  alias, 1 drivers
v0x5ebde7a471f0_0 .net "cs", 0 0, L_0x5ebde7a620c0;  alias, 1 drivers
v0x5ebde7a472b0_0 .net "ctrl", 1 0, v0x5ebde7a05240_0;  alias, 1 drivers
v0x5ebde7a47350_0 .net8 "data_bus", 15 0, RS_0x733d995a28f8;  alias, 5 drivers
v0x5ebde7a473f0_0 .net "reset", 0 0, L_0x5ebde7a4d020;  alias, 1 drivers
v0x5ebde7a47490_0 .var "valor_out", 15 0;
S_0x5ebde7a47650 .scope module, "P_KEY" "periferico_in" 3 38, 10 63 0, S_0x5ebde7a30f00;
 .timescale -9 -11;
    .port_info 0 /INPUT 1 "cs";
    .port_info 1 /INPUT 2 "ctrl";
    .port_info 2 /INPUT 16 "valor_in";
    .port_info 3 /INOUT 16 "data_bus";
L_0x5ebde7a62bb0 .functor AND 1, L_0x5ebde7a61c70, L_0x5ebde7a62ac0, C4<1>, C4<1>;
L_0x733d99557be8 .functor BUFT 1, C4<01>, C4<0>, C4<0>, C4<0>;
v0x5ebde7a47830_0 .net/2u *"_ivl_0", 1 0, L_0x733d99557be8;  1 drivers
v0x5ebde7a47930_0 .net *"_ivl_2", 0 0, L_0x5ebde7a62ac0;  1 drivers
v0x5ebde7a479f0_0 .net *"_ivl_5", 0 0, L_0x5ebde7a62bb0;  1 drivers
o0x733d995a6888 .functor BUFZ 16, C4<zzzzzzzzzzzzzzzz>; HiZ drive
; Elide local net with no drivers, v0x5ebde7a47a90_0 name=_ivl_6
v0x5ebde7a47b70_0 .net "cs", 0 0, L_0x5ebde7a61c70;  alias, 1 drivers
v0x5ebde7a47c60_0 .net "ctrl", 1 0, v0x5ebde7a05240_0;  alias, 1 drivers
v0x5ebde7a47d00_0 .net8 "data_bus", 15 0, RS_0x733d995a28f8;  alias, 5 drivers
v0x5ebde7a47e50_0 .net "valor_in", 15 0, L_0x5ebde7a62e10;  1 drivers
L_0x5ebde7a62ac0 .cmp/eq 2, v0x5ebde7a05240_0, L_0x733d99557be8;
L_0x5ebde7a62cb0 .functor MUXZ 16, o0x733d995a6888, L_0x5ebde7a62e10, L_0x5ebde7a62bb0, C4<>;
S_0x5ebde7a47fe0 .scope module, "P_LEDG" "periferico_out" 3 45, 10 73 0, S_0x5ebde7a30f00;
 .timescale -9 -11;
    .port_info 0 /INPUT 1 "clk";
    .port_info 1 /INPUT 1 "reset";
    .port_info 2 /INPUT 1 "cs";
    .port_info 3 /INPUT 2 "ctrl";
    .port_info 4 /INPUT 16 "data_bus";
    .port_info 5 /OUTPUT 8 "valor_out";
P_0x5ebde7a48170 .param/l "WIDTH" 0 10 73, +C4<00000000000000000000000000001000>;
v0x5ebde7a48340_0 .net "clk", 0 0, v0x5ebde7a4cd40_0;  alias, 1 drivers
v0x5ebde7a48400_0 .net "cs", 0 0, L_0x5ebde7a61ea0;  alias, 1 drivers
v0x5ebde7a484f0_0 .net "ctrl", 1 0, v0x5ebde7a05240_0;  alias, 1 drivers
v0x5ebde7a485c0_0 .net8 "data_bus", 15 0, RS_0x733d995a28f8;  alias, 5 drivers
v0x5ebde7a48660_0 .net "reset", 0 0, L_0x5ebde7a4d020;  alias, 1 drivers
v0x5ebde7a48860_0 .var "valor_out", 7 0;
S_0x5ebde7a48a20 .scope module, "P_SW" "periferico_in" 3 37, 10 63 0, S_0x5ebde7a30f00;
 .timescale -9 -11;
    .port_info 0 /INPUT 1 "cs";
    .port_info 1 /INPUT 2 "ctrl";
    .port_info 2 /INPUT 16 "valor_in";
    .port_info 3 /INOUT 16 "data_bus";
L_0x5ebde7a627d0 .functor AND 1, L_0x5ebde7a61970, L_0x5ebde7a626e0, C4<1>, C4<1>;
L_0x733d99557b58 .functor BUFT 1, C4<01>, C4<0>, C4<0>, C4<0>;
v0x5ebde7a48c00_0 .net/2u *"_ivl_0", 1 0, L_0x733d99557b58;  1 drivers
v0x5ebde7a48d00_0 .net *"_ivl_2", 0 0, L_0x5ebde7a626e0;  1 drivers
v0x5ebde7a48dc0_0 .net *"_ivl_5", 0 0, L_0x5ebde7a627d0;  1 drivers
o0x733d995a6b88 .functor BUFZ 16, C4<zzzzzzzzzzzzzzzz>; HiZ drive
; Elide local net with no drivers, v0x5ebde7a48e90_0 name=_ivl_6
v0x5ebde7a48f70_0 .net "cs", 0 0, L_0x5ebde7a61970;  alias, 1 drivers
v0x5ebde7a49060_0 .net "ctrl", 1 0, v0x5ebde7a05240_0;  alias, 1 drivers
v0x5ebde7a49100_0 .net8 "data_bus", 15 0, RS_0x733d995a28f8;  alias, 5 drivers
v0x5ebde7a491c0_0 .net "valor_in", 15 0, L_0x5ebde7a62930;  1 drivers
L_0x5ebde7a626e0 .cmp/eq 2, v0x5ebde7a05240_0, L_0x733d99557b58;
L_0x5ebde7a62840 .functor MUXZ 16, o0x733d995a6b88, L_0x5ebde7a62930, L_0x5ebde7a627d0, C4<>;
S_0x5ebde7a49350 .scope module, "TIMER0" "timer" 3 58, 12 19 0, S_0x5ebde7a30f00;
 .timescale -9 -11;
    .port_info 0 /INPUT 1 "clk";
    .port_info 1 /INPUT 1 "reset";
    .port_info 2 /INPUT 1 "cs_top";
    .port_info 3 /INPUT 1 "cs_cnt";
    .port_info 4 /INPUT 2 "ctrl";
    .port_info 5 /INPUT 1 "irq_ack";
    .port_info 6 /INOUT 16 "data_bus";
    .port_info 7 /OUTPUT 1 "irq_out";
L_0x5ebde7a63900 .functor OR 1, L_0x5ebde7a62200, L_0x5ebde7a622f0, C4<0>, C4<0>;
L_0x5ebde7a63a60 .functor AND 1, L_0x5ebde7a63900, L_0x5ebde7a63970, C4<1>, C4<1>;
L_0x733d99557c78 .functor BUFT 1, C4<0000000000000000>, C4<0>, C4<0>, C4<0>;
v0x5ebde7a49650_0 .net/2u *"_ivl_0", 15 0, L_0x733d99557c78;  1 drivers
v0x5ebde7a49750_0 .net *"_ivl_11", 0 0, L_0x5ebde7a63900;  1 drivers
L_0x733d99557d08 .functor BUFT 1, C4<01>, C4<0>, C4<0>, C4<0>;
v0x5ebde7a49810_0 .net/2u *"_ivl_12", 1 0, L_0x733d99557d08;  1 drivers
v0x5ebde7a498d0_0 .net *"_ivl_14", 0 0, L_0x5ebde7a63970;  1 drivers
v0x5ebde7a49990_0 .net *"_ivl_17", 0 0, L_0x5ebde7a63a60;  1 drivers
o0x733d995a6d98 .functor BUFZ 16, C4<zzzzzzzzzzzzzzzz>; HiZ drive
; Elide local net with no drivers, v0x5ebde7a49aa0_0 name=_ivl_18
L_0x733d99557cc0 .functor BUFT 1, C4<0000000000000000>, C4<0>, C4<0>, C4<0>;
v0x5ebde7a49b80_0 .net/2u *"_ivl_4", 15 0, L_0x733d99557cc0;  1 drivers
v0x5ebde7a49c60_0 .net *"_ivl_6", 15 0, L_0x5ebde7a63650;  1 drivers
v0x5ebde7a49d40_0 .net "clk", 0 0, v0x5ebde7a4cd40_0;  alias, 1 drivers
v0x5ebde7a49de0_0 .var "counter", 15 0;
v0x5ebde7a49ec0_0 .net "cs_cnt", 0 0, L_0x5ebde7a622f0;  alias, 1 drivers
v0x5ebde7a49f60_0 .net "cs_top", 0 0, L_0x5ebde7a62200;  alias, 1 drivers
v0x5ebde7a4a030_0 .net "ctrl", 1 0, v0x5ebde7a05240_0;  alias, 1 drivers
v0x5ebde7a4a1e0_0 .net8 "data_bus", 15 0, RS_0x733d995a28f8;  alias, 5 drivers
v0x5ebde7a4a280_0 .net "enabled", 0 0, L_0x5ebde7a63560;  1 drivers
v0x5ebde7a4a340_0 .net "irq_ack", 0 0, v0x5ebde7a3d9c0_0;  alias, 1 drivers
v0x5ebde7a4a3e0_0 .var "irq_out", 0 0;
v0x5ebde7a4a5e0_0 .net "read_data", 15 0, L_0x5ebde7a63780;  1 drivers
v0x5ebde7a4a6c0_0 .net "reset", 0 0, L_0x5ebde7a4d020;  alias, 1 drivers
v0x5ebde7a4a760_0 .var "top_reg", 15 0;
L_0x5ebde7a63560 .cmp/ne 16, v0x5ebde7a4a760_0, L_0x733d99557c78;
L_0x5ebde7a63650 .functor MUXZ 16, L_0x733d99557cc0, v0x5ebde7a49de0_0, L_0x5ebde7a622f0, C4<>;
L_0x5ebde7a63780 .functor MUXZ 16, L_0x5ebde7a63650, v0x5ebde7a4a760_0, L_0x5ebde7a62200, C4<>;
L_0x5ebde7a63970 .cmp/eq 2, v0x5ebde7a05240_0, L_0x733d99557d08;
L_0x5ebde7a63b70 .functor MUXZ 16, o0x733d995a6d98, L_0x5ebde7a63780, L_0x5ebde7a63a60, C4<>;
    .scope S_0x5ebde7a3d490;
T_1 ;
    %wait E_0x5ebde7a24a10;
    %load/vec4 v0x5ebde7a3d8b0_0;
    %flag_set/vec4 9;
    %flag_get/vec4 9;
    %jmp/0 T_1.2, 9;
    %load/vec4 v0x5ebde7a3da60_0;
    %and;
T_1.2;
    %flag_set/vec4 8;
    %jmp/0xz  T_1.0, 8;
    %pushi/vec4 0, 0, 1;
    %store/vec4 v0x5ebde7a3df20_0, 0, 1;
    %pushi/vec4 1, 0, 1;
    %store/vec4 v0x5ebde7a3e1b0_0, 0, 1;
    %pushi/vec4 1, 0, 1;
    %store/vec4 v0x5ebde7a3e110_0, 0, 1;
    %pushi/vec4 0, 0, 2;
    %store/vec4 v0x5ebde7a3e390_0, 0, 2;
    %pushi/vec4 0, 0, 1;
    %store/vec4 v0x5ebde7a3e4a0_0, 0, 1;
    %pushi/vec4 0, 0, 2;
    %store/vec4 v0x5ebde7a3dd20_0, 0, 2;
    %pushi/vec4 0, 0, 3;
    %store/vec4 v0x5ebde7a3db00_0, 0, 3;
    %pushi/vec4 0, 0, 2;
    %store/vec4 v0x5ebde7a3e2a0_0, 0, 2;
    %pushi/vec4 1, 0, 2;
    %store/vec4 v0x5ebde7a3de10_0, 0, 2;
    %pushi/vec4 0, 0, 2;
    %store/vec4 v0x5ebde7a05240_0, 0, 2;
    %pushi/vec4 2, 0, 2;
    %store/vec4 v0x5ebde7a3e050_0, 0, 2;
    %pushi/vec4 1, 0, 1;
    %store/vec4 v0x5ebde7a3d9c0_0, 0, 1;
    %jmp T_1.1;
T_1.0 ;
    %pushi/vec4 0, 0, 1;
    %store/vec4 v0x5ebde7a3e110_0, 0, 1;
    %pushi/vec4 0, 0, 1;
    %store/vec4 v0x5ebde7a3d9c0_0, 0, 1;
    %load/vec4 v0x5ebde7a3dc60_0;
    %dup/vec4;
    %pushi/vec4 0, 0, 6;
    %cmp/z;
    %jmp/1 T_1.3, 4;
    %dup/vec4;
    %pushi/vec4 1, 0, 6;
    %cmp/z;
    %jmp/1 T_1.4, 4;
    %dup/vec4;
    %pushi/vec4 2, 0, 6;
    %cmp/z;
    %jmp/1 T_1.5, 4;
    %dup/vec4;
    %pushi/vec4 3, 0, 6;
    %cmp/z;
    %jmp/1 T_1.6, 4;
    %dup/vec4;
    %pushi/vec4 4, 0, 6;
    %cmp/z;
    %jmp/1 T_1.7, 4;
    %dup/vec4;
    %pushi/vec4 5, 0, 6;
    %cmp/z;
    %jmp/1 T_1.8, 4;
    %dup/vec4;
    %pushi/vec4 6, 0, 6;
    %cmp/z;
    %jmp/1 T_1.9, 4;
    %dup/vec4;
    %pushi/vec4 7, 0, 6;
    %cmp/z;
    %jmp/1 T_1.10, 4;
    %dup/vec4;
    %pushi/vec4 16, 15, 6;
    %cmp/z;
    %jmp/1 T_1.11, 4;
    %dup/vec4;
    %pushi/vec4 32, 15, 6;
    %cmp/z;
    %jmp/1 T_1.12, 4;
    %dup/vec4;
    %pushi/vec4 48, 15, 6;
    %cmp/z;
    %jmp/1 T_1.13, 4;
    %pushi/vec4 1, 0, 1;
    %store/vec4 v0x5ebde7a3df20_0, 0, 1;
    %pushi/vec4 0, 0, 1;
    %store/vec4 v0x5ebde7a3e1b0_0, 0, 1;
    %pushi/vec4 0, 0, 2;
    %store/vec4 v0x5ebde7a3e390_0, 0, 2;
    %pushi/vec4 0, 0, 1;
    %store/vec4 v0x5ebde7a3e4a0_0, 0, 1;
    %pushi/vec4 0, 0, 2;
    %store/vec4 v0x5ebde7a3dd20_0, 0, 2;
    %pushi/vec4 0, 0, 3;
    %store/vec4 v0x5ebde7a3db00_0, 0, 3;
    %pushi/vec4 0, 0, 2;
    %store/vec4 v0x5ebde7a3e2a0_0, 0, 2;
    %pushi/vec4 0, 0, 2;
    %store/vec4 v0x5ebde7a3de10_0, 0, 2;
    %pushi/vec4 0, 0, 2;
    %store/vec4 v0x5ebde7a05240_0, 0, 2;
    %pushi/vec4 0, 0, 2;
    %store/vec4 v0x5ebde7a3e050_0, 0, 2;
    %jmp T_1.15;
T_1.3 ;
    %pushi/vec4 0, 0, 1;
    %store/vec4 v0x5ebde7a3df20_0, 0, 1;
    %pushi/vec4 1, 0, 1;
    %store/vec4 v0x5ebde7a3e1b0_0, 0, 1;
    %pushi/vec4 0, 0, 2;
    %store/vec4 v0x5ebde7a3e390_0, 0, 2;
    %pushi/vec4 0, 0, 1;
    %store/vec4 v0x5ebde7a3e4a0_0, 0, 1;
    %pushi/vec4 0, 0, 2;
    %store/vec4 v0x5ebde7a3dd20_0, 0, 2;
    %pushi/vec4 0, 0, 3;
    %store/vec4 v0x5ebde7a3db00_0, 0, 3;
    %pushi/vec4 0, 0, 2;
    %store/vec4 v0x5ebde7a3e2a0_0, 0, 2;
    %pushi/vec4 0, 0, 2;
    %store/vec4 v0x5ebde7a3de10_0, 0, 2;
    %pushi/vec4 0, 0, 2;
    %store/vec4 v0x5ebde7a05240_0, 0, 2;
    %pushi/vec4 0, 0, 2;
    %store/vec4 v0x5ebde7a3e050_0, 0, 2;
    %jmp T_1.15;
T_1.4 ;
    %load/vec4 v0x5ebde7a3e590_0;
    %inv;
    %store/vec4 v0x5ebde7a3df20_0, 0, 1;
    %pushi/vec4 1, 0, 1;
    %store/vec4 v0x5ebde7a3e1b0_0, 0, 1;
    %pushi/vec4 0, 0, 2;
    %store/vec4 v0x5ebde7a3e390_0, 0, 2;
    %pushi/vec4 0, 0, 1;
    %store/vec4 v0x5ebde7a3e4a0_0, 0, 1;
    %pushi/vec4 0, 0, 2;
    %store/vec4 v0x5ebde7a3dd20_0, 0, 2;
    %pushi/vec4 0, 0, 3;
    %store/vec4 v0x5ebde7a3db00_0, 0, 3;
    %pushi/vec4 0, 0, 2;
    %store/vec4 v0x5ebde7a3e2a0_0, 0, 2;
    %pushi/vec4 0, 0, 2;
    %store/vec4 v0x5ebde7a3de10_0, 0, 2;
    %pushi/vec4 0, 0, 2;
    %store/vec4 v0x5ebde7a05240_0, 0, 2;
    %pushi/vec4 0, 0, 2;
    %store/vec4 v0x5ebde7a3e050_0, 0, 2;
    %jmp T_1.15;
T_1.5 ;
    %load/vec4 v0x5ebde7a3e590_0;
    %store/vec4 v0x5ebde7a3df20_0, 0, 1;
    %pushi/vec4 1, 0, 1;
    %store/vec4 v0x5ebde7a3e1b0_0, 0, 1;
    %pushi/vec4 0, 0, 2;
    %store/vec4 v0x5ebde7a3e390_0, 0, 2;
    %pushi/vec4 0, 0, 1;
    %store/vec4 v0x5ebde7a3e4a0_0, 0, 1;
    %pushi/vec4 0, 0, 2;
    %store/vec4 v0x5ebde7a3dd20_0, 0, 2;
    %pushi/vec4 0, 0, 3;
    %store/vec4 v0x5ebde7a3db00_0, 0, 3;
    %pushi/vec4 0, 0, 2;
    %store/vec4 v0x5ebde7a3e2a0_0, 0, 2;
    %pushi/vec4 0, 0, 2;
    %store/vec4 v0x5ebde7a3de10_0, 0, 2;
    %pushi/vec4 0, 0, 2;
    %store/vec4 v0x5ebde7a05240_0, 0, 2;
    %pushi/vec4 0, 0, 2;
    %store/vec4 v0x5ebde7a3e050_0, 0, 2;
    %jmp T_1.15;
T_1.6 ;
    %pushi/vec4 0, 0, 1;
    %store/vec4 v0x5ebde7a3df20_0, 0, 1;
    %pushi/vec4 1, 0, 1;
    %store/vec4 v0x5ebde7a3e1b0_0, 0, 1;
    %pushi/vec4 0, 0, 2;
    %store/vec4 v0x5ebde7a3e390_0, 0, 2;
    %pushi/vec4 0, 0, 1;
    %store/vec4 v0x5ebde7a3e4a0_0, 0, 1;
    %pushi/vec4 0, 0, 2;
    %store/vec4 v0x5ebde7a3dd20_0, 0, 2;
    %pushi/vec4 0, 0, 3;
    %store/vec4 v0x5ebde7a3db00_0, 0, 3;
    %pushi/vec4 0, 0, 2;
    %store/vec4 v0x5ebde7a3e2a0_0, 0, 2;
    %pushi/vec4 1, 0, 2;
    %store/vec4 v0x5ebde7a3de10_0, 0, 2;
    %pushi/vec4 0, 0, 2;
    %store/vec4 v0x5ebde7a05240_0, 0, 2;
    %pushi/vec4 0, 0, 2;
    %store/vec4 v0x5ebde7a3e050_0, 0, 2;
    %jmp T_1.15;
T_1.7 ;
    %pushi/vec4 0, 0, 1;
    %store/vec4 v0x5ebde7a3df20_0, 0, 1;
    %pushi/vec4 0, 0, 1;
    %store/vec4 v0x5ebde7a3e1b0_0, 0, 1;
    %pushi/vec4 0, 0, 2;
    %store/vec4 v0x5ebde7a3e390_0, 0, 2;
    %pushi/vec4 0, 0, 1;
    %store/vec4 v0x5ebde7a3e4a0_0, 0, 1;
    %pushi/vec4 0, 0, 2;
    %store/vec4 v0x5ebde7a3dd20_0, 0, 2;
    %pushi/vec4 0, 0, 3;
    %store/vec4 v0x5ebde7a3db00_0, 0, 3;
    %pushi/vec4 0, 0, 2;
    %store/vec4 v0x5ebde7a3e2a0_0, 0, 2;
    %pushi/vec4 2, 0, 2;
    %store/vec4 v0x5ebde7a3de10_0, 0, 2;
    %pushi/vec4 0, 0, 2;
    %store/vec4 v0x5ebde7a05240_0, 0, 2;
    %pushi/vec4 0, 0, 2;
    %store/vec4 v0x5ebde7a3e050_0, 0, 2;
    %jmp T_1.15;
T_1.8 ;
    %pushi/vec4 1, 0, 1;
    %store/vec4 v0x5ebde7a3df20_0, 0, 1;
    %pushi/vec4 0, 0, 1;
    %store/vec4 v0x5ebde7a3e1b0_0, 0, 1;
    %pushi/vec4 0, 0, 2;
    %store/vec4 v0x5ebde7a3e390_0, 0, 2;
    %pushi/vec4 0, 0, 1;
    %store/vec4 v0x5ebde7a3e4a0_0, 0, 1;
    %pushi/vec4 0, 0, 2;
    %store/vec4 v0x5ebde7a3dd20_0, 0, 2;
    %pushi/vec4 0, 0, 3;
    %store/vec4 v0x5ebde7a3db00_0, 0, 3;
    %pushi/vec4 0, 0, 2;
    %store/vec4 v0x5ebde7a3e2a0_0, 0, 2;
    %pushi/vec4 0, 0, 2;
    %store/vec4 v0x5ebde7a3de10_0, 0, 2;
    %pushi/vec4 0, 0, 2;
    %store/vec4 v0x5ebde7a05240_0, 0, 2;
    %pushi/vec4 1, 0, 2;
    %store/vec4 v0x5ebde7a3e050_0, 0, 2;
    %jmp T_1.15;
T_1.9 ;
    %pushi/vec4 1, 0, 1;
    %store/vec4 v0x5ebde7a3df20_0, 0, 1;
    %pushi/vec4 0, 0, 1;
    %store/vec4 v0x5ebde7a3e1b0_0, 0, 1;
    %pushi/vec4 0, 0, 2;
    %store/vec4 v0x5ebde7a3e390_0, 0, 2;
    %pushi/vec4 0, 0, 1;
    %store/vec4 v0x5ebde7a3e4a0_0, 0, 1;
    %pushi/vec4 0, 0, 2;
    %store/vec4 v0x5ebde7a3dd20_0, 0, 2;
    %pushi/vec4 0, 0, 3;
    %store/vec4 v0x5ebde7a3db00_0, 0, 3;
    %pushi/vec4 0, 0, 2;
    %store/vec4 v0x5ebde7a3e2a0_0, 0, 2;
    %pushi/vec4 0, 0, 2;
    %store/vec4 v0x5ebde7a3de10_0, 0, 2;
    %pushi/vec4 0, 0, 2;
    %store/vec4 v0x5ebde7a05240_0, 0, 2;
    %pushi/vec4 2, 0, 2;
    %store/vec4 v0x5ebde7a3e050_0, 0, 2;
    %jmp T_1.15;
T_1.10 ;
    %pushi/vec4 0, 0, 1;
    %store/vec4 v0x5ebde7a3df20_0, 0, 1;
    %pushi/vec4 0, 0, 1;
    %store/vec4 v0x5ebde7a3e1b0_0, 0, 1;
    %pushi/vec4 0, 0, 2;
    %store/vec4 v0x5ebde7a3e390_0, 0, 2;
    %pushi/vec4 0, 0, 1;
    %store/vec4 v0x5ebde7a3e4a0_0, 0, 1;
    %pushi/vec4 0, 0, 2;
    %store/vec4 v0x5ebde7a3dd20_0, 0, 2;
    %pushi/vec4 0, 0, 3;
    %store/vec4 v0x5ebde7a3db00_0, 0, 3;
    %pushi/vec4 0, 0, 2;
    %store/vec4 v0x5ebde7a3e2a0_0, 0, 2;
    %pushi/vec4 2, 0, 2;
    %store/vec4 v0x5ebde7a3de10_0, 0, 2;
    %pushi/vec4 0, 0, 2;
    %store/vec4 v0x5ebde7a05240_0, 0, 2;
    %pushi/vec4 1, 0, 2;
    %store/vec4 v0x5ebde7a3e050_0, 0, 2;
    %jmp T_1.15;
T_1.11 ;
    %pushi/vec4 1, 0, 1;
    %store/vec4 v0x5ebde7a3df20_0, 0, 1;
    %pushi/vec4 0, 0, 1;
    %store/vec4 v0x5ebde7a3e1b0_0, 0, 1;
    %pushi/vec4 1, 0, 2;
    %store/vec4 v0x5ebde7a3e390_0, 0, 2;
    %pushi/vec4 0, 0, 1;
    %store/vec4 v0x5ebde7a3e4a0_0, 0, 1;
    %pushi/vec4 0, 0, 2;
    %store/vec4 v0x5ebde7a3dd20_0, 0, 2;
    %pushi/vec4 0, 0, 3;
    %store/vec4 v0x5ebde7a3db00_0, 0, 3;
    %pushi/vec4 3, 0, 2;
    %store/vec4 v0x5ebde7a3e2a0_0, 0, 2;
    %pushi/vec4 0, 0, 2;
    %store/vec4 v0x5ebde7a3de10_0, 0, 2;
    %pushi/vec4 0, 0, 2;
    %store/vec4 v0x5ebde7a05240_0, 0, 2;
    %pushi/vec4 0, 0, 2;
    %store/vec4 v0x5ebde7a3e050_0, 0, 2;
    %jmp T_1.15;
T_1.12 ;
    %pushi/vec4 1, 0, 1;
    %store/vec4 v0x5ebde7a3df20_0, 0, 1;
    %pushi/vec4 0, 0, 1;
    %store/vec4 v0x5ebde7a3e1b0_0, 0, 1;
    %pushi/vec4 1, 0, 2;
    %store/vec4 v0x5ebde7a3e390_0, 0, 2;
    %pushi/vec4 1, 0, 1;
    %store/vec4 v0x5ebde7a3e4a0_0, 0, 1;
    %pushi/vec4 0, 0, 1;
    %load/vec4 v0x5ebde7a3dc60_0;
    %parti/s 1, 0, 2;
    %concat/vec4; draw_concat_vec4
    %store/vec4 v0x5ebde7a3dd20_0, 0, 2;
    %load/vec4 v0x5ebde7a3dc60_0;
    %parti/s 3, 1, 2;
    %store/vec4 v0x5ebde7a3db00_0, 0, 3;
    %pushi/vec4 0, 0, 2;
    %store/vec4 v0x5ebde7a3e2a0_0, 0, 2;
    %pushi/vec4 0, 0, 2;
    %store/vec4 v0x5ebde7a3de10_0, 0, 2;
    %pushi/vec4 0, 0, 2;
    %store/vec4 v0x5ebde7a05240_0, 0, 2;
    %pushi/vec4 0, 0, 2;
    %store/vec4 v0x5ebde7a3e050_0, 0, 2;
    %jmp T_1.15;
T_1.13 ;
    %pushi/vec4 1, 0, 1;
    %store/vec4 v0x5ebde7a3df20_0, 0, 1;
    %pushi/vec4 0, 0, 1;
    %store/vec4 v0x5ebde7a3e1b0_0, 0, 1;
    %load/vec4 v0x5ebde7a3dc60_0;
    %parti/s 2, 0, 2;
    %store/vec4 v0x5ebde7a3e390_0, 0, 2;
    %pushi/vec4 0, 0, 1;
    %store/vec4 v0x5ebde7a3e4a0_0, 0, 1;
    %pushi/vec4 2, 0, 2;
    %store/vec4 v0x5ebde7a3dd20_0, 0, 2;
    %pushi/vec4 2, 0, 3;
    %store/vec4 v0x5ebde7a3db00_0, 0, 3;
    %pushi/vec4 1, 0, 2;
    %store/vec4 v0x5ebde7a3e2a0_0, 0, 2;
    %pushi/vec4 0, 0, 2;
    %store/vec4 v0x5ebde7a3de10_0, 0, 2;
    %load/vec4 v0x5ebde7a3dc60_0;
    %parti/s 2, 0, 2;
    %store/vec4 v0x5ebde7a05240_0, 0, 2;
    %pushi/vec4 0, 0, 2;
    %store/vec4 v0x5ebde7a3e050_0, 0, 2;
    %jmp T_1.15;
T_1.15 ;
    %pop/vec4 1;
T_1.1 ;
    %jmp T_1;
    .thread T_1, $push;
    .scope S_0x5ebde7a36db0;
T_2 ;
    %wait E_0x5ebde793a430;
    %load/vec4 v0x5ebde7a37310_0;
    %flag_set/vec4 8;
    %jmp/0xz  T_2.0, 8;
    %pushi/vec4 0, 0, 10;
    %assign/vec4 v0x5ebde7a371f0_0, 0;
    %jmp T_2.1;
T_2.0 ;
    %load/vec4 v0x5ebde7a37100_0;
    %assign/vec4 v0x5ebde7a371f0_0, 0;
T_2.1 ;
    %jmp T_2;
    .thread T_2;
    .scope S_0x5ebde7a329c0;
T_3 ;
    %vpi_call 8 11 "$readmemb", "progfile.dat", v0x5ebde7a330d0 {0 0 0};
    %end;
    .thread T_3;
    .scope S_0x5ebde7a37460;
T_4 ;
    %wait E_0x5ebde793a430;
    %load/vec4 v0x5ebde7a38160_0;
    %flag_set/vec4 8;
    %jmp/0xz  T_4.0, 8;
    %pushi/vec4 0, 0, 4;
    %assign/vec4 v0x5ebde7a382c0_0, 0;
    %jmp T_4.1;
T_4.0 ;
    %load/vec4 v0x5ebde7a38200_0;
    %dup/vec4;
    %pushi/vec4 1, 0, 2;
    %cmp/u;
    %jmp/1 T_4.2, 6;
    %dup/vec4;
    %pushi/vec4 2, 0, 2;
    %cmp/u;
    %jmp/1 T_4.3, 6;
    %jmp T_4.5;
T_4.2 ;
    %load/vec4 v0x5ebde7a37fd0_0;
    %load/vec4 v0x5ebde7a382c0_0;
    %pad/u 6;
    %ix/vec4 3;
    %ix/load 4, 0, 0; Constant delay
    %assign/vec4/a/d v0x5ebde7a383a0, 0, 4;
    %load/vec4 v0x5ebde7a382c0_0;
    %addi 1, 0, 4;
    %assign/vec4 v0x5ebde7a382c0_0, 0;
    %jmp T_4.5;
T_4.3 ;
    %load/vec4 v0x5ebde7a382c0_0;
    %pad/u 32;
    %cmpi/ne 0, 0, 32;
    %jmp/0xz  T_4.6, 4;
    %load/vec4 v0x5ebde7a382c0_0;
    %subi 1, 0, 4;
    %assign/vec4 v0x5ebde7a382c0_0, 0;
T_4.6 ;
    %jmp T_4.5;
T_4.5 ;
    %pop/vec4 1;
T_4.1 ;
    %jmp T_4;
    .thread T_4;
    .scope S_0x5ebde7a38530;
T_5 ;
    %vpi_call 7 15 "$readmemb", "regfile.dat", v0x5ebde7a3a300 {0 0 0};
    %end;
    .thread T_5;
    .scope S_0x5ebde7a38530;
T_6 ;
    %wait E_0x5ebde795bc80;
    %load/vec4 v0x5ebde7a3a3a0_0;
    %cmpi/e 1, 0, 2;
    %flag_get/vec4 4;
    %jmp/0 T_6.2, 4;
    %load/vec4 v0x5ebde7a3a480_0;
    %pushi/vec4 0, 0, 4;
    %cmp/ne;
    %flag_get/vec4 4;
    %and;
T_6.2;
    %flag_set/vec4 8;
    %jmp/0xz  T_6.0, 8;
    %load/vec4 v0x5ebde7a3a560_0;
    %load/vec4 v0x5ebde7a3a480_0;
    %pad/u 6;
    %ix/vec4 3;
    %ix/load 4, 0, 0; Constant delay
    %assign/vec4/a/d v0x5ebde7a3a300, 0, 4;
T_6.0 ;
    %jmp T_6;
    .thread T_6;
    .scope S_0x5ebde7a315a0;
T_7 ;
    %wait E_0x5ebde795b820;
    %load/vec4 v0x5ebde7a31830_0;
    %dup/vec4;
    %pushi/vec4 0, 0, 3;
    %cmp/u;
    %jmp/1 T_7.0, 6;
    %dup/vec4;
    %pushi/vec4 1, 0, 3;
    %cmp/u;
    %jmp/1 T_7.1, 6;
    %dup/vec4;
    %pushi/vec4 2, 0, 3;
    %cmp/u;
    %jmp/1 T_7.2, 6;
    %dup/vec4;
    %pushi/vec4 3, 0, 3;
    %cmp/u;
    %jmp/1 T_7.3, 6;
    %dup/vec4;
    %pushi/vec4 4, 0, 3;
    %cmp/u;
    %jmp/1 T_7.4, 6;
    %dup/vec4;
    %pushi/vec4 5, 0, 3;
    %cmp/u;
    %jmp/1 T_7.5, 6;
    %dup/vec4;
    %pushi/vec4 6, 0, 3;
    %cmp/u;
    %jmp/1 T_7.6, 6;
    %dup/vec4;
    %pushi/vec4 7, 0, 3;
    %cmp/u;
    %jmp/1 T_7.7, 6;
    %pushi/vec4 0, 0, 16;
    %store/vec4 v0x5ebde7a31910_0, 0, 16;
    %jmp T_7.9;
T_7.0 ;
    %load/vec4 v0x5ebde79d9890_0;
    %store/vec4 v0x5ebde7a31910_0, 0, 16;
    %jmp T_7.9;
T_7.1 ;
    %load/vec4 v0x5ebde79d9890_0;
    %inv;
    %store/vec4 v0x5ebde7a31910_0, 0, 16;
    %jmp T_7.9;
T_7.2 ;
    %load/vec4 v0x5ebde79d9890_0;
    %load/vec4 v0x5ebde796dd40_0;
    %add;
    %store/vec4 v0x5ebde7a31910_0, 0, 16;
    %jmp T_7.9;
T_7.3 ;
    %load/vec4 v0x5ebde79d9890_0;
    %load/vec4 v0x5ebde796dd40_0;
    %sub;
    %store/vec4 v0x5ebde7a31910_0, 0, 16;
    %jmp T_7.9;
T_7.4 ;
    %load/vec4 v0x5ebde79d9890_0;
    %load/vec4 v0x5ebde796dd40_0;
    %and;
    %store/vec4 v0x5ebde7a31910_0, 0, 16;
    %jmp T_7.9;
T_7.5 ;
    %load/vec4 v0x5ebde79d9890_0;
    %load/vec4 v0x5ebde796dd40_0;
    %or;
    %store/vec4 v0x5ebde7a31910_0, 0, 16;
    %jmp T_7.9;
T_7.6 ;
    %load/vec4 v0x5ebde79d9890_0;
    %inv;
    %pushi/vec4 1, 0, 16;
    %add;
    %store/vec4 v0x5ebde7a31910_0, 0, 16;
    %jmp T_7.9;
T_7.7 ;
    %load/vec4 v0x5ebde796dd40_0;
    %inv;
    %pushi/vec4 1, 0, 16;
    %add;
    %store/vec4 v0x5ebde7a31910_0, 0, 16;
    %jmp T_7.9;
T_7.9 ;
    %pop/vec4 1;
    %jmp T_7;
    .thread T_7, $push;
    .scope S_0x5ebde7a32350;
T_8 ;
    %wait E_0x5ebde793a430;
    %load/vec4 v0x5ebde7a32880_0;
    %flag_set/vec4 8;
    %jmp/0xz  T_8.0, 8;
    %pushi/vec4 0, 0, 1;
    %assign/vec4 v0x5ebde7a327e0_0, 0;
    %jmp T_8.1;
T_8.0 ;
    %load/vec4 v0x5ebde7a32530_0;
    %flag_set/vec4 8;
    %jmp/0xz  T_8.2, 8;
    %load/vec4 v0x5ebde7a326e0_0;
    %assign/vec4 v0x5ebde7a327e0_0, 0;
T_8.2 ;
T_8.1 ;
    %jmp T_8;
    .thread T_8;
    .scope S_0x5ebde7a31c80;
T_9 ;
    %wait E_0x5ebde793a430;
    %load/vec4 v0x5ebde7a321a0_0;
    %flag_set/vec4 8;
    %jmp/0xz  T_9.0, 8;
    %pushi/vec4 0, 0, 1;
    %assign/vec4 v0x5ebde7a320e0_0, 0;
    %jmp T_9.1;
T_9.0 ;
    %load/vec4 v0x5ebde7a31ea0_0;
    %flag_set/vec4 8;
    %jmp/0xz  T_9.2, 8;
    %load/vec4 v0x5ebde7a32040_0;
    %assign/vec4 v0x5ebde7a320e0_0, 0;
T_9.2 ;
T_9.1 ;
    %jmp T_9;
    .thread T_9;
    .scope S_0x5ebde7a42780;
T_10 ;
    %pushi/vec4 0, 0, 32;
    %store/vec4 v0x5ebde7a43ab0_0, 0, 32;
T_10.0 ;
    %load/vec4 v0x5ebde7a43ab0_0;
    %cmpi/s 256, 0, 32;
    %jmp/0xz T_10.1, 5;
    %pushi/vec4 0, 0, 16;
    %ix/getv/s 4, v0x5ebde7a43ab0_0;
    %store/vec4a v0x5ebde7a43b90, 4, 0;
    %load/vec4 v0x5ebde7a43ab0_0;
    %addi 1, 0, 32;
    %store/vec4 v0x5ebde7a43ab0_0, 0, 32;
    %jmp T_10.0;
T_10.1 ;
    %end;
    .thread T_10;
    .scope S_0x5ebde7a42780;
T_11 ;
    %wait E_0x5ebde795bc80;
    %load/vec4 v0x5ebde7a437a0_0;
    %flag_set/vec4 9;
    %flag_get/vec4 9;
    %jmp/0 T_11.2, 9;
    %load/vec4 v0x5ebde7a43840_0;
    %pushi/vec4 2, 0, 2;
    %cmp/e;
    %flag_get/vec4 4;
    %and;
T_11.2;
    %flag_set/vec4 8;
    %jmp/0xz  T_11.0, 8;
    %load/vec4 v0x5ebde7a43930_0;
    %load/vec4 v0x5ebde7a434c0_0;
    %parti/s 8, 0, 2;
    %pad/u 10;
    %ix/vec4 3;
    %ix/load 4, 0, 0; Constant delay
    %assign/vec4/a/d v0x5ebde7a43b90, 0, 4;
T_11.0 ;
    %jmp T_11;
    .thread T_11;
    .scope S_0x5ebde7a42780;
T_12 ;
    %wait E_0x5ebde7a42960;
    %load/vec4 v0x5ebde7a437a0_0;
    %flag_set/vec4 9;
    %flag_get/vec4 9;
    %jmp/0 T_12.2, 9;
    %load/vec4 v0x5ebde7a43840_0;
    %pushi/vec4 1, 0, 2;
    %cmp/e;
    %flag_get/vec4 4;
    %and;
T_12.2;
    %flag_set/vec4 8;
    %jmp/0xz  T_12.0, 8;
    %load/vec4 v0x5ebde7a434c0_0;
    %parti/s 8, 0, 2;
    %pad/u 10;
    %ix/vec4 4;
    %load/vec4a v0x5ebde7a43b90, 4;
    %store/vec4 v0x5ebde7a439f0_0, 0, 16;
    %jmp T_12.1;
T_12.0 ;
    %pushi/vec4 0, 0, 16;
    %store/vec4 v0x5ebde7a439f0_0, 0, 16;
T_12.1 ;
    %jmp T_12;
    .thread T_12, $push;
    .scope S_0x5ebde7a47fe0;
T_13 ;
    %wait E_0x5ebde793a430;
    %load/vec4 v0x5ebde7a48660_0;
    %flag_set/vec4 8;
    %jmp/0xz  T_13.0, 8;
    %pushi/vec4 0, 0, 8;
    %assign/vec4 v0x5ebde7a48860_0, 0;
    %jmp T_13.1;
T_13.0 ;
    %load/vec4 v0x5ebde7a48400_0;
    %flag_set/vec4 9;
    %flag_get/vec4 9;
    %jmp/0 T_13.4, 9;
    %load/vec4 v0x5ebde7a484f0_0;
    %pushi/vec4 2, 0, 2;
    %cmp/e;
    %flag_get/vec4 4;
    %and;
T_13.4;
    %flag_set/vec4 8;
    %jmp/0xz  T_13.2, 8;
    %load/vec4 v0x5ebde7a485c0_0;
    %parti/s 8, 0, 2;
    %assign/vec4 v0x5ebde7a48860_0, 0;
T_13.2 ;
T_13.1 ;
    %jmp T_13;
    .thread T_13;
    .scope S_0x5ebde7a46500;
T_14 ;
    %wait E_0x5ebde793a430;
    %load/vec4 v0x5ebde7a46b20_0;
    %flag_set/vec4 8;
    %jmp/0xz  T_14.0, 8;
    %pushi/vec4 0, 0, 16;
    %assign/vec4 v0x5ebde7a46c10_0, 0;
    %jmp T_14.1;
T_14.0 ;
    %load/vec4 v0x5ebde7a468d0_0;
    %flag_set/vec4 9;
    %flag_get/vec4 9;
    %jmp/0 T_14.4, 9;
    %load/vec4 v0x5ebde7a46990_0;
    %pushi/vec4 2, 0, 2;
    %cmp/e;
    %flag_get/vec4 4;
    %and;
T_14.4;
    %flag_set/vec4 8;
    %jmp/0xz  T_14.2, 8;
    %load/vec4 v0x5ebde7a46a30_0;
    %assign/vec4 v0x5ebde7a46c10_0, 0;
T_14.2 ;
T_14.1 ;
    %jmp T_14;
    .thread T_14;
    .scope S_0x5ebde7a46dd0;
T_15 ;
    %wait E_0x5ebde793a430;
    %load/vec4 v0x5ebde7a473f0_0;
    %flag_set/vec4 8;
    %jmp/0xz  T_15.0, 8;
    %pushi/vec4 0, 0, 16;
    %assign/vec4 v0x5ebde7a47490_0, 0;
    %jmp T_15.1;
T_15.0 ;
    %load/vec4 v0x5ebde7a471f0_0;
    %flag_set/vec4 9;
    %flag_get/vec4 9;
    %jmp/0 T_15.4, 9;
    %load/vec4 v0x5ebde7a472b0_0;
    %pushi/vec4 2, 0, 2;
    %cmp/e;
    %flag_get/vec4 4;
    %and;
T_15.4;
    %flag_set/vec4 8;
    %jmp/0xz  T_15.2, 8;
    %load/vec4 v0x5ebde7a47350_0;
    %assign/vec4 v0x5ebde7a47490_0, 0;
T_15.2 ;
T_15.1 ;
    %jmp T_15;
    .thread T_15;
    .scope S_0x5ebde7a413b0;
T_16 ;
    %wait E_0x5ebde7a415d0;
    %load/vec4 v0x5ebde7a41750_0;
    %dup/vec4;
    %pushi/vec4 0, 0, 4;
    %cmp/u;
    %jmp/1 T_16.0, 6;
    %dup/vec4;
    %pushi/vec4 1, 0, 4;
    %cmp/u;
    %jmp/1 T_16.1, 6;
    %dup/vec4;
    %pushi/vec4 2, 0, 4;
    %cmp/u;
    %jmp/1 T_16.2, 6;
    %dup/vec4;
    %pushi/vec4 3, 0, 4;
    %cmp/u;
    %jmp/1 T_16.3, 6;
    %dup/vec4;
    %pushi/vec4 4, 0, 4;
    %cmp/u;
    %jmp/1 T_16.4, 6;
    %dup/vec4;
    %pushi/vec4 5, 0, 4;
    %cmp/u;
    %jmp/1 T_16.5, 6;
    %dup/vec4;
    %pushi/vec4 6, 0, 4;
    %cmp/u;
    %jmp/1 T_16.6, 6;
    %dup/vec4;
    %pushi/vec4 7, 0, 4;
    %cmp/u;
    %jmp/1 T_16.7, 6;
    %dup/vec4;
    %pushi/vec4 8, 0, 4;
    %cmp/u;
    %jmp/1 T_16.8, 6;
    %dup/vec4;
    %pushi/vec4 9, 0, 4;
    %cmp/u;
    %jmp/1 T_16.9, 6;
    %dup/vec4;
    %pushi/vec4 10, 0, 4;
    %cmp/u;
    %jmp/1 T_16.10, 6;
    %dup/vec4;
    %pushi/vec4 11, 0, 4;
    %cmp/u;
    %jmp/1 T_16.11, 6;
    %dup/vec4;
    %pushi/vec4 12, 0, 4;
    %cmp/u;
    %jmp/1 T_16.12, 6;
    %dup/vec4;
    %pushi/vec4 13, 0, 4;
    %cmp/u;
    %jmp/1 T_16.13, 6;
    %dup/vec4;
    %pushi/vec4 14, 0, 4;
    %cmp/u;
    %jmp/1 T_16.14, 6;
    %dup/vec4;
    %pushi/vec4 15, 0, 4;
    %cmp/u;
    %jmp/1 T_16.15, 6;
    %pushi/vec4 127, 0, 7;
    %store/vec4 v0x5ebde7a41650_0, 0, 7;
    %jmp T_16.17;
T_16.0 ;
    %pushi/vec4 64, 0, 7;
    %store/vec4 v0x5ebde7a41650_0, 0, 7;
    %jmp T_16.17;
T_16.1 ;
    %pushi/vec4 121, 0, 7;
    %store/vec4 v0x5ebde7a41650_0, 0, 7;
    %jmp T_16.17;
T_16.2 ;
    %pushi/vec4 36, 0, 7;
    %store/vec4 v0x5ebde7a41650_0, 0, 7;
    %jmp T_16.17;
T_16.3 ;
    %pushi/vec4 48, 0, 7;
    %store/vec4 v0x5ebde7a41650_0, 0, 7;
    %jmp T_16.17;
T_16.4 ;
    %pushi/vec4 25, 0, 7;
    %store/vec4 v0x5ebde7a41650_0, 0, 7;
    %jmp T_16.17;
T_16.5 ;
    %pushi/vec4 18, 0, 7;
    %store/vec4 v0x5ebde7a41650_0, 0, 7;
    %jmp T_16.17;
T_16.6 ;
    %pushi/vec4 2, 0, 7;
    %store/vec4 v0x5ebde7a41650_0, 0, 7;
    %jmp T_16.17;
T_16.7 ;
    %pushi/vec4 120, 0, 7;
    %store/vec4 v0x5ebde7a41650_0, 0, 7;
    %jmp T_16.17;
T_16.8 ;
    %pushi/vec4 0, 0, 7;
    %store/vec4 v0x5ebde7a41650_0, 0, 7;
    %jmp T_16.17;
T_16.9 ;
    %pushi/vec4 16, 0, 7;
    %store/vec4 v0x5ebde7a41650_0, 0, 7;
    %jmp T_16.17;
T_16.10 ;
    %pushi/vec4 8, 0, 7;
    %store/vec4 v0x5ebde7a41650_0, 0, 7;
    %jmp T_16.17;
T_16.11 ;
    %pushi/vec4 3, 0, 7;
    %store/vec4 v0x5ebde7a41650_0, 0, 7;
    %jmp T_16.17;
T_16.12 ;
    %pushi/vec4 70, 0, 7;
    %store/vec4 v0x5ebde7a41650_0, 0, 7;
    %jmp T_16.17;
T_16.13 ;
    %pushi/vec4 33, 0, 7;
    %store/vec4 v0x5ebde7a41650_0, 0, 7;
    %jmp T_16.17;
T_16.14 ;
    %pushi/vec4 6, 0, 7;
    %store/vec4 v0x5ebde7a41650_0, 0, 7;
    %jmp T_16.17;
T_16.15 ;
    %pushi/vec4 14, 0, 7;
    %store/vec4 v0x5ebde7a41650_0, 0, 7;
    %jmp T_16.17;
T_16.17 ;
    %pop/vec4 1;
    %jmp T_16;
    .thread T_16, $push;
    .scope S_0x5ebde7a41890;
T_17 ;
    %wait E_0x5ebde7a41ab0;
    %load/vec4 v0x5ebde7a41c30_0;
    %dup/vec4;
    %pushi/vec4 0, 0, 4;
    %cmp/u;
    %jmp/1 T_17.0, 6;
    %dup/vec4;
    %pushi/vec4 1, 0, 4;
    %cmp/u;
    %jmp/1 T_17.1, 6;
    %dup/vec4;
    %pushi/vec4 2, 0, 4;
    %cmp/u;
    %jmp/1 T_17.2, 6;
    %dup/vec4;
    %pushi/vec4 3, 0, 4;
    %cmp/u;
    %jmp/1 T_17.3, 6;
    %dup/vec4;
    %pushi/vec4 4, 0, 4;
    %cmp/u;
    %jmp/1 T_17.4, 6;
    %dup/vec4;
    %pushi/vec4 5, 0, 4;
    %cmp/u;
    %jmp/1 T_17.5, 6;
    %dup/vec4;
    %pushi/vec4 6, 0, 4;
    %cmp/u;
    %jmp/1 T_17.6, 6;
    %dup/vec4;
    %pushi/vec4 7, 0, 4;
    %cmp/u;
    %jmp/1 T_17.7, 6;
    %dup/vec4;
    %pushi/vec4 8, 0, 4;
    %cmp/u;
    %jmp/1 T_17.8, 6;
    %dup/vec4;
    %pushi/vec4 9, 0, 4;
    %cmp/u;
    %jmp/1 T_17.9, 6;
    %dup/vec4;
    %pushi/vec4 10, 0, 4;
    %cmp/u;
    %jmp/1 T_17.10, 6;
    %dup/vec4;
    %pushi/vec4 11, 0, 4;
    %cmp/u;
    %jmp/1 T_17.11, 6;
    %dup/vec4;
    %pushi/vec4 12, 0, 4;
    %cmp/u;
    %jmp/1 T_17.12, 6;
    %dup/vec4;
    %pushi/vec4 13, 0, 4;
    %cmp/u;
    %jmp/1 T_17.13, 6;
    %dup/vec4;
    %pushi/vec4 14, 0, 4;
    %cmp/u;
    %jmp/1 T_17.14, 6;
    %dup/vec4;
    %pushi/vec4 15, 0, 4;
    %cmp/u;
    %jmp/1 T_17.15, 6;
    %pushi/vec4 127, 0, 7;
    %store/vec4 v0x5ebde7a41b30_0, 0, 7;
    %jmp T_17.17;
T_17.0 ;
    %pushi/vec4 64, 0, 7;
    %store/vec4 v0x5ebde7a41b30_0, 0, 7;
    %jmp T_17.17;
T_17.1 ;
    %pushi/vec4 121, 0, 7;
    %store/vec4 v0x5ebde7a41b30_0, 0, 7;
    %jmp T_17.17;
T_17.2 ;
    %pushi/vec4 36, 0, 7;
    %store/vec4 v0x5ebde7a41b30_0, 0, 7;
    %jmp T_17.17;
T_17.3 ;
    %pushi/vec4 48, 0, 7;
    %store/vec4 v0x5ebde7a41b30_0, 0, 7;
    %jmp T_17.17;
T_17.4 ;
    %pushi/vec4 25, 0, 7;
    %store/vec4 v0x5ebde7a41b30_0, 0, 7;
    %jmp T_17.17;
T_17.5 ;
    %pushi/vec4 18, 0, 7;
    %store/vec4 v0x5ebde7a41b30_0, 0, 7;
    %jmp T_17.17;
T_17.6 ;
    %pushi/vec4 2, 0, 7;
    %store/vec4 v0x5ebde7a41b30_0, 0, 7;
    %jmp T_17.17;
T_17.7 ;
    %pushi/vec4 120, 0, 7;
    %store/vec4 v0x5ebde7a41b30_0, 0, 7;
    %jmp T_17.17;
T_17.8 ;
    %pushi/vec4 0, 0, 7;
    %store/vec4 v0x5ebde7a41b30_0, 0, 7;
    %jmp T_17.17;
T_17.9 ;
    %pushi/vec4 16, 0, 7;
    %store/vec4 v0x5ebde7a41b30_0, 0, 7;
    %jmp T_17.17;
T_17.10 ;
    %pushi/vec4 8, 0, 7;
    %store/vec4 v0x5ebde7a41b30_0, 0, 7;
    %jmp T_17.17;
T_17.11 ;
    %pushi/vec4 3, 0, 7;
    %store/vec4 v0x5ebde7a41b30_0, 0, 7;
    %jmp T_17.17;
T_17.12 ;
    %pushi/vec4 70, 0, 7;
    %store/vec4 v0x5ebde7a41b30_0, 0, 7;
    %jmp T_17.17;
T_17.13 ;
    %pushi/vec4 33, 0, 7;
    %store/vec4 v0x5ebde7a41b30_0, 0, 7;
    %jmp T_17.17;
T_17.14 ;
    %pushi/vec4 6, 0, 7;
    %store/vec4 v0x5ebde7a41b30_0, 0, 7;
    %jmp T_17.17;
T_17.15 ;
    %pushi/vec4 14, 0, 7;
    %store/vec4 v0x5ebde7a41b30_0, 0, 7;
    %jmp T_17.17;
T_17.17 ;
    %pop/vec4 1;
    %jmp T_17;
    .thread T_17, $push;
    .scope S_0x5ebde7a41d70;
T_18 ;
    %wait E_0x5ebde7a41fe0;
    %load/vec4 v0x5ebde7a42160_0;
    %dup/vec4;
    %pushi/vec4 0, 0, 4;
    %cmp/u;
    %jmp/1 T_18.0, 6;
    %dup/vec4;
    %pushi/vec4 1, 0, 4;
    %cmp/u;
    %jmp/1 T_18.1, 6;
    %dup/vec4;
    %pushi/vec4 2, 0, 4;
    %cmp/u;
    %jmp/1 T_18.2, 6;
    %dup/vec4;
    %pushi/vec4 3, 0, 4;
    %cmp/u;
    %jmp/1 T_18.3, 6;
    %dup/vec4;
    %pushi/vec4 4, 0, 4;
    %cmp/u;
    %jmp/1 T_18.4, 6;
    %dup/vec4;
    %pushi/vec4 5, 0, 4;
    %cmp/u;
    %jmp/1 T_18.5, 6;
    %dup/vec4;
    %pushi/vec4 6, 0, 4;
    %cmp/u;
    %jmp/1 T_18.6, 6;
    %dup/vec4;
    %pushi/vec4 7, 0, 4;
    %cmp/u;
    %jmp/1 T_18.7, 6;
    %dup/vec4;
    %pushi/vec4 8, 0, 4;
    %cmp/u;
    %jmp/1 T_18.8, 6;
    %dup/vec4;
    %pushi/vec4 9, 0, 4;
    %cmp/u;
    %jmp/1 T_18.9, 6;
    %dup/vec4;
    %pushi/vec4 10, 0, 4;
    %cmp/u;
    %jmp/1 T_18.10, 6;
    %dup/vec4;
    %pushi/vec4 11, 0, 4;
    %cmp/u;
    %jmp/1 T_18.11, 6;
    %dup/vec4;
    %pushi/vec4 12, 0, 4;
    %cmp/u;
    %jmp/1 T_18.12, 6;
    %dup/vec4;
    %pushi/vec4 13, 0, 4;
    %cmp/u;
    %jmp/1 T_18.13, 6;
    %dup/vec4;
    %pushi/vec4 14, 0, 4;
    %cmp/u;
    %jmp/1 T_18.14, 6;
    %dup/vec4;
    %pushi/vec4 15, 0, 4;
    %cmp/u;
    %jmp/1 T_18.15, 6;
    %pushi/vec4 127, 0, 7;
    %store/vec4 v0x5ebde7a42060_0, 0, 7;
    %jmp T_18.17;
T_18.0 ;
    %pushi/vec4 64, 0, 7;
    %store/vec4 v0x5ebde7a42060_0, 0, 7;
    %jmp T_18.17;
T_18.1 ;
    %pushi/vec4 121, 0, 7;
    %store/vec4 v0x5ebde7a42060_0, 0, 7;
    %jmp T_18.17;
T_18.2 ;
    %pushi/vec4 36, 0, 7;
    %store/vec4 v0x5ebde7a42060_0, 0, 7;
    %jmp T_18.17;
T_18.3 ;
    %pushi/vec4 48, 0, 7;
    %store/vec4 v0x5ebde7a42060_0, 0, 7;
    %jmp T_18.17;
T_18.4 ;
    %pushi/vec4 25, 0, 7;
    %store/vec4 v0x5ebde7a42060_0, 0, 7;
    %jmp T_18.17;
T_18.5 ;
    %pushi/vec4 18, 0, 7;
    %store/vec4 v0x5ebde7a42060_0, 0, 7;
    %jmp T_18.17;
T_18.6 ;
    %pushi/vec4 2, 0, 7;
    %store/vec4 v0x5ebde7a42060_0, 0, 7;
    %jmp T_18.17;
T_18.7 ;
    %pushi/vec4 120, 0, 7;
    %store/vec4 v0x5ebde7a42060_0, 0, 7;
    %jmp T_18.17;
T_18.8 ;
    %pushi/vec4 0, 0, 7;
    %store/vec4 v0x5ebde7a42060_0, 0, 7;
    %jmp T_18.17;
T_18.9 ;
    %pushi/vec4 16, 0, 7;
    %store/vec4 v0x5ebde7a42060_0, 0, 7;
    %jmp T_18.17;
T_18.10 ;
    %pushi/vec4 8, 0, 7;
    %store/vec4 v0x5ebde7a42060_0, 0, 7;
    %jmp T_18.17;
T_18.11 ;
    %pushi/vec4 3, 0, 7;
    %store/vec4 v0x5ebde7a42060_0, 0, 7;
    %jmp T_18.17;
T_18.12 ;
    %pushi/vec4 70, 0, 7;
    %store/vec4 v0x5ebde7a42060_0, 0, 7;
    %jmp T_18.17;
T_18.13 ;
    %pushi/vec4 33, 0, 7;
    %store/vec4 v0x5ebde7a42060_0, 0, 7;
    %jmp T_18.17;
T_18.14 ;
    %pushi/vec4 6, 0, 7;
    %store/vec4 v0x5ebde7a42060_0, 0, 7;
    %jmp T_18.17;
T_18.15 ;
    %pushi/vec4 14, 0, 7;
    %store/vec4 v0x5ebde7a42060_0, 0, 7;
    %jmp T_18.17;
T_18.17 ;
    %pop/vec4 1;
    %jmp T_18;
    .thread T_18, $push;
    .scope S_0x5ebde7a422a0;
T_19 ;
    %wait E_0x5ebde7a424c0;
    %load/vec4 v0x5ebde7a42640_0;
    %dup/vec4;
    %pushi/vec4 0, 0, 4;
    %cmp/u;
    %jmp/1 T_19.0, 6;
    %dup/vec4;
    %pushi/vec4 1, 0, 4;
    %cmp/u;
    %jmp/1 T_19.1, 6;
    %dup/vec4;
    %pushi/vec4 2, 0, 4;
    %cmp/u;
    %jmp/1 T_19.2, 6;
    %dup/vec4;
    %pushi/vec4 3, 0, 4;
    %cmp/u;
    %jmp/1 T_19.3, 6;
    %dup/vec4;
    %pushi/vec4 4, 0, 4;
    %cmp/u;
    %jmp/1 T_19.4, 6;
    %dup/vec4;
    %pushi/vec4 5, 0, 4;
    %cmp/u;
    %jmp/1 T_19.5, 6;
    %dup/vec4;
    %pushi/vec4 6, 0, 4;
    %cmp/u;
    %jmp/1 T_19.6, 6;
    %dup/vec4;
    %pushi/vec4 7, 0, 4;
    %cmp/u;
    %jmp/1 T_19.7, 6;
    %dup/vec4;
    %pushi/vec4 8, 0, 4;
    %cmp/u;
    %jmp/1 T_19.8, 6;
    %dup/vec4;
    %pushi/vec4 9, 0, 4;
    %cmp/u;
    %jmp/1 T_19.9, 6;
    %dup/vec4;
    %pushi/vec4 10, 0, 4;
    %cmp/u;
    %jmp/1 T_19.10, 6;
    %dup/vec4;
    %pushi/vec4 11, 0, 4;
    %cmp/u;
    %jmp/1 T_19.11, 6;
    %dup/vec4;
    %pushi/vec4 12, 0, 4;
    %cmp/u;
    %jmp/1 T_19.12, 6;
    %dup/vec4;
    %pushi/vec4 13, 0, 4;
    %cmp/u;
    %jmp/1 T_19.13, 6;
    %dup/vec4;
    %pushi/vec4 14, 0, 4;
    %cmp/u;
    %jmp/1 T_19.14, 6;
    %dup/vec4;
    %pushi/vec4 15, 0, 4;
    %cmp/u;
    %jmp/1 T_19.15, 6;
    %pushi/vec4 127, 0, 7;
    %store/vec4 v0x5ebde7a42540_0, 0, 7;
    %jmp T_19.17;
T_19.0 ;
    %pushi/vec4 64, 0, 7;
    %store/vec4 v0x5ebde7a42540_0, 0, 7;
    %jmp T_19.17;
T_19.1 ;
    %pushi/vec4 121, 0, 7;
    %store/vec4 v0x5ebde7a42540_0, 0, 7;
    %jmp T_19.17;
T_19.2 ;
    %pushi/vec4 36, 0, 7;
    %store/vec4 v0x5ebde7a42540_0, 0, 7;
    %jmp T_19.17;
T_19.3 ;
    %pushi/vec4 48, 0, 7;
    %store/vec4 v0x5ebde7a42540_0, 0, 7;
    %jmp T_19.17;
T_19.4 ;
    %pushi/vec4 25, 0, 7;
    %store/vec4 v0x5ebde7a42540_0, 0, 7;
    %jmp T_19.17;
T_19.5 ;
    %pushi/vec4 18, 0, 7;
    %store/vec4 v0x5ebde7a42540_0, 0, 7;
    %jmp T_19.17;
T_19.6 ;
    %pushi/vec4 2, 0, 7;
    %store/vec4 v0x5ebde7a42540_0, 0, 7;
    %jmp T_19.17;
T_19.7 ;
    %pushi/vec4 120, 0, 7;
    %store/vec4 v0x5ebde7a42540_0, 0, 7;
    %jmp T_19.17;
T_19.8 ;
    %pushi/vec4 0, 0, 7;
    %store/vec4 v0x5ebde7a42540_0, 0, 7;
    %jmp T_19.17;
T_19.9 ;
    %pushi/vec4 16, 0, 7;
    %store/vec4 v0x5ebde7a42540_0, 0, 7;
    %jmp T_19.17;
T_19.10 ;
    %pushi/vec4 8, 0, 7;
    %store/vec4 v0x5ebde7a42540_0, 0, 7;
    %jmp T_19.17;
T_19.11 ;
    %pushi/vec4 3, 0, 7;
    %store/vec4 v0x5ebde7a42540_0, 0, 7;
    %jmp T_19.17;
T_19.12 ;
    %pushi/vec4 70, 0, 7;
    %store/vec4 v0x5ebde7a42540_0, 0, 7;
    %jmp T_19.17;
T_19.13 ;
    %pushi/vec4 33, 0, 7;
    %store/vec4 v0x5ebde7a42540_0, 0, 7;
    %jmp T_19.17;
T_19.14 ;
    %pushi/vec4 6, 0, 7;
    %store/vec4 v0x5ebde7a42540_0, 0, 7;
    %jmp T_19.17;
T_19.15 ;
    %pushi/vec4 14, 0, 7;
    %store/vec4 v0x5ebde7a42540_0, 0, 7;
    %jmp T_19.17;
T_19.17 ;
    %pop/vec4 1;
    %jmp T_19;
    .thread T_19, $push;
    .scope S_0x5ebde7a49350;
T_20 ;
    %wait E_0x5ebde793a430;
    %load/vec4 v0x5ebde7a4a6c0_0;
    %flag_set/vec4 8;
    %jmp/0xz  T_20.0, 8;
    %pushi/vec4 0, 0, 16;
    %assign/vec4 v0x5ebde7a4a760_0, 0;
    %pushi/vec4 0, 0, 16;
    %assign/vec4 v0x5ebde7a49de0_0, 0;
    %jmp T_20.1;
T_20.0 ;
    %load/vec4 v0x5ebde7a49f60_0;
    %flag_set/vec4 9;
    %flag_get/vec4 9;
    %jmp/0 T_20.4, 9;
    %load/vec4 v0x5ebde7a4a030_0;
    %pushi/vec4 2, 0, 2;
    %cmp/e;
    %flag_get/vec4 4;
    %and;
T_20.4;
    %flag_set/vec4 8;
    %jmp/0xz  T_20.2, 8;
    %load/vec4 v0x5ebde7a4a1e0_0;
    %assign/vec4 v0x5ebde7a4a760_0, 0;
    %pushi/vec4 0, 0, 16;
    %assign/vec4 v0x5ebde7a49de0_0, 0;
    %jmp T_20.3;
T_20.2 ;
    %load/vec4 v0x5ebde7a4a280_0;
    %flag_set/vec4 8;
    %jmp/0xz  T_20.5, 8;
    %load/vec4 v0x5ebde7a4a760_0;
    %subi 1, 0, 16;
    %load/vec4 v0x5ebde7a49de0_0;
    %cmp/u;
    %flag_or 5, 4;
    %jmp/0xz  T_20.7, 5;
    %pushi/vec4 0, 0, 16;
    %assign/vec4 v0x5ebde7a49de0_0, 0;
    %jmp T_20.8;
T_20.7 ;
    %load/vec4 v0x5ebde7a49de0_0;
    %addi 1, 0, 16;
    %assign/vec4 v0x5ebde7a49de0_0, 0;
T_20.8 ;
T_20.5 ;
T_20.3 ;
T_20.1 ;
    %jmp T_20;
    .thread T_20;
    .scope S_0x5ebde7a49350;
T_21 ;
    %wait E_0x5ebde793a430;
    %load/vec4 v0x5ebde7a4a6c0_0;
    %flag_set/vec4 8;
    %jmp/0xz  T_21.0, 8;
    %pushi/vec4 0, 0, 1;
    %assign/vec4 v0x5ebde7a4a3e0_0, 0;
    %jmp T_21.1;
T_21.0 ;
    %load/vec4 v0x5ebde7a4a340_0;
    %flag_set/vec4 8;
    %jmp/0xz  T_21.2, 8;
    %pushi/vec4 0, 0, 1;
    %assign/vec4 v0x5ebde7a4a3e0_0, 0;
    %jmp T_21.3;
T_21.2 ;
    %load/vec4 v0x5ebde7a4a280_0;
    %flag_set/vec4 9;
    %flag_get/vec4 9;
    %jmp/0 T_21.6, 9;
    %load/vec4 v0x5ebde7a49de0_0;
    %load/vec4 v0x5ebde7a4a760_0;
    %subi 1, 0, 16;
    %cmp/e;
    %flag_get/vec4 4;
    %and;
T_21.6;
    %flag_set/vec4 8;
    %jmp/0xz  T_21.4, 8;
    %pushi/vec4 1, 0, 1;
    %assign/vec4 v0x5ebde7a4a3e0_0, 0;
T_21.4 ;
T_21.3 ;
T_21.1 ;
    %jmp T_21;
    .thread T_21;
    .scope S_0x5ebde79e5580;
T_22 ;
    %pushi/vec4 0, 0, 1;
    %store/vec4 v0x5ebde7a4cd40_0, 0, 1;
    %end;
    .thread T_22;
    .scope S_0x5ebde79e5580;
T_23 ;
    %delay 1000, 0;
    %load/vec4 v0x5ebde7a4cd40_0;
    %inv;
    %store/vec4 v0x5ebde7a4cd40_0, 0, 1;
    %jmp T_23;
    .thread T_23;
    .scope S_0x5ebde79e5580;
T_24 ;
    %vpi_call 2 66 "$dumpfile", "knapsack_full.vcd" {0 0 0};
    %vpi_call 2 67 "$dumpvars", 32'sb00000000000000000000000000000000, S_0x5ebde79e5580 {0 0 0};
    %pushi/vec4 14, 0, 4;
    %store/vec4 v0x5ebde7a4ca50_0, 0, 4;
    %pushi/vec4 0, 0, 10;
    %store/vec4 v0x5ebde7a4cca0_0, 0, 10;
    %delay 4000, 0;
    %pushi/vec4 15, 0, 4;
    %store/vec4 v0x5ebde7a4ca50_0, 0, 4;
    %pushi/vec4 6, 0, 4;
    %store/vec4 v0x5ebde7a10820_0, 0, 4;
    %pushi/vec4 65, 0, 16;
    %store/vec4 v0x5ebde7a1fee0_0, 0, 16;
    %fork TD_knapsack_full_tb.pulsar_y_esperar, S_0x5ebde79d8be0;
    %join;
    %pushi/vec4 5, 0, 4;
    %store/vec4 v0x5ebde7a10820_0, 0, 4;
    %pushi/vec4 55, 0, 16;
    %store/vec4 v0x5ebde7a1fee0_0, 0, 16;
    %fork TD_knapsack_full_tb.pulsar_y_esperar, S_0x5ebde79d8be0;
    %join;
    %pushi/vec4 4, 0, 4;
    %store/vec4 v0x5ebde7a10820_0, 0, 4;
    %pushi/vec4 50, 0, 16;
    %store/vec4 v0x5ebde7a1fee0_0, 0, 16;
    %fork TD_knapsack_full_tb.pulsar_y_esperar, S_0x5ebde79d8be0;
    %join;
    %pushi/vec4 3, 0, 4;
    %store/vec4 v0x5ebde7a10820_0, 0, 4;
    %pushi/vec4 40, 0, 16;
    %store/vec4 v0x5ebde7a1fee0_0, 0, 16;
    %fork TD_knapsack_full_tb.pulsar_y_esperar, S_0x5ebde79d8be0;
    %join;
    %vpi_call 2 79 "$display", "=== Tests completados ===" {0 0 0};
    %vpi_call 2 80 "$finish" {0 0 0};
    %end;
    .thread T_24;
    .scope S_0x5ebde79e5580;
T_25 ;
    %delay 400000000, 0;
    %vpi_call 2 85 "$display", "TIMEOUT GLOBAL" {0 0 0};
    %vpi_call 2 86 "$finish" {0 0 0};
    %end;
    .thread T_25;
# The file index is used to find the file name in the following table.
:file_names 13;
    "N/A";
    "<interactive>";
    "knapsack_full_tb.v";
    "DE1_System.v";
    "cpu_ampliada.v";
    "cd.v";
    "alu.v";
    "componentes.v";
    "memprog.v";
    "uc.v";
    "modulos_externos.v";
    "hexdec.v";
    "timer.v";
